id,short_channel_id
0,t1_1
1,t1_2
2,t1_3
3,t1_4
4,t1_5
5,t1_6
6,t1_7
7,t1_8
8,t1_9
9,t1_10
10,t1_11
11,t1_12
12,t1_13
13,t1_14
14,t1_15
15,t1_16
16,t1_17
17,t1_18
18,t1_19
19,t1_20
20,t1_21
21,t1_22
22,t1_23
23,t1_24
24,t1_25
25,t1_26
26,t1_27
27,t1_28
28,t1_29
29,t1_30
30,t1_31
31,t1_32
32,t1_33
33,t1_34
34,t1_35
35,t1_36
36,t1_37
37,t1_38
38,t1_39
39,t1_40
40,t1_41
41,t1_42
42,t1_43
43,t1_44
44,t1_45
45,t1_46
46,t1_47
47,t1_48
48,t1_49
49,t1_50
50,t1_51
51,t1_52
52,t1_53
53,t1_54
54,t1_55
55,t1_56
56,t1_57
57,t1_58
58,t1_59
59,t1_60
60,t1_61
61,t1_62
62,t1_63
63,t1_64
64,t1_65
65,t1_66
66,t1_67
67,t1_68
68,t1_69
69,t1_70
70,t1_71
71,t1_72
72,t1_73
73,t1_74
74,t1_75
75,t1_76
76,t1_77
77,t1_78
78,t1_79
79,t1_80
80,t1_81
81,t1_82
82,t1_83
83,t1_84
84,t1_85
85,t1_86
86,t1_87
87,t1_88
88,t1_89
89,t1_90
90,t1_91
91,t1_92
92,t1_93
93,t1_94
94,t1_95
95,t1_96
96,t1_97
97,t1_98
98,t1_99
99,t1_100
100,t1_101
101,t1_102
102,t1_103
103,t1_104
104,t1_105
105,t1_106
106,t1_107
107,t1_108
108,t1_109
109,t1_110
110,t1_111
111,t1_112
112,t1_113
113,t1_114
114,t1_115
115,t1_116
116,t1_117
117,t1_118
118,t1_119
119,t1_120
120,t1_121
121,t1_122
122,t1_123
123,t1_124
124,t1_125
125,t1_126
126,t1_127
127,t1_128
128,t1_129
129,t1_130
130,t1_131
131,t1_132
132,t1_133
133,t1_134
134,t1_135
135,t1_136
136,t1_137
137,t1_138
138,t1_139
139,t1_140
140,t1_141
141,t1_142
142,t1_143
143,t1_144
144,t1_145
145,t1_146
146,t1_147
147,t1_148
148,t1_149
149,t1_150
150,t1_151
151,t1_152
152,t1_153
153,t1_154
154,t1_155
155,t1_156
156,t1_157
157,t1_158
158,t1_159
159,t1_160
160,t1_161
161,t1_162
162,t1_163
163,t1_164
164,t1_165
165,t1_166
166,t1_167
167,t1_168
168,t1_169
169,t1_170
170,t1_171
171,t1_172
172,t1_173
173,t1_174
174,t1_175
175,t1_176
176,t1_177
177,t1_178
178,t1_179
179,t1_180
180,t1_181
181,t1_182
182,t1_183
183,t1_184
184,t1_185
185,t1_186
186,t1_187
187,t1_188
188,t1_189
189,t1_190
190,t1_191
191,t1_192
192,t1_193
193,t1_194
194,t1_195
195,t1_196
196,t1_197
197,t1_198
198,t1_199
199,t1_200
200,t1_201
201,t1_202
202,t1_203
203,t1_204
204,t1_205
205,t1_206
206,t1_207
207,t1_208
208,t1_209
209,t1_210
210,t1_211
211,t1_212
212,t1_213
213,t1_214
214,t1_215
215,t1_216
216,t1_217
217,t1_218
218,t1_219
219,t1_220
220,t1_221
221,t1_222
222,t1_223
223,t1_224
224,t1_225
225,t1_226
226,t1_227
227,t1_228
228,t1_229
229,t1_230
230,t1_231
231,t1_232
232,t1_233
233,t1_234
234,t1_235
235,t1_236
236,t1_237
237,t1_238
238,t1_239
239,t1_240
240,t1_241
241,t1_242
242,t1_243
243,t1_244
244,t1_245
245,t1_246
246,t1_247
247,t1_248
248,t1_249
249,t1_250
250,t1_251
251,t1_252
252,t1_253
253,t1_254
254,t1_255
255,t1_256
256,t1_257
257,t1_258
258,t1_259
259,t1_260
260,t1_261
261,t1_262
262,t1_263
263,t1_264
264,t1_265
265,t1_266
266,t1_267
267,t1_268
268,t1_269
269,t1_270
270,t1_271
271,t1_272
272,t1_273
273,t1_274
274,t1_275
275,t1_276
276,t1_277
277,t1_278
278,t1_279
279,t1_280
280,t1_281
281,t1_282
282,t1_283
283,t1_284
284,t1_285
285,t1_286
286,t1_287
287,t1_288
288,t1_289
289,t1_290
290,t1_291
291,t1_292
292,t1_293
293,t1_294
294,t1_295
295,t1_296
296,t1_297
297,t1_298
298,t1_299
299,t1_300
300,t1_301
301,t1_302
302,t1_303
303,t1_304
304,t1_305
305,t1_306
306,t1_307
307,t1_308
308,t1_309
309,t1_310
310,t1_311
311,t1_312
312,t1_313
313,t1_314
314,t1_315
315,t1_316
316,t1_317
317,t1_318
318,t1_319
319,t1_320
320,t1_321
321,t1_322
322,t1_323
323,t1_324
324,t1_325
325,t1_326
326,t1_327
327,t1_328
328,t1_329
329,t1_330
330,t1_331
331,t1_332
332,t1_333
333,t1_334
334,t1_335
335,t1_336
336,t1_337
337,t1_338
338,t1_339
339,t1_340
340,t1_341
341,t1_342
342,t1_343
343,t1_344
344,t1_345
345,t1_346
346,t1_347
347,t1_348
348,t1_349
349,t1_350
350,t1_351
351,t1_352
352,t1_353
353,t1_354
354,t1_355
355,t1_356
356,t1_357
357,t1_358
358,t1_359
359,t1_360
360,t1_361
361,t1_362
362,t1_363
363,t1_364
364,t1_365
365,t1_366
366,t1_367
367,t1_368
368,t1_369
369,t1_370
370,t1_371
371,t1_372
372,t1_373
373,t1_374
374,t1_375
375,t1_376
376,t1_377
377,t1_378
378,t1_379
379,t1_380
380,t1_381
381,t1_382
382,t1_383
383,t1_384
384,t1_385
385,t1_386
386,t1_387
387,t1_388
388,t1_389
389,t1_390
390,t1_391
391,t1_392
392,t1_393
393,t1_394
394,t1_395
395,t1_396
396,t1_397
397,t1_398
398,t1_399
399,t1_400
400,t1_401
401,t1_402
402,t1_403
403,t1_404
404,t1_405
405,t1_406
406,t1_407
407,t1_408
408,t1_409
409,t1_410
410,t1_411
411,t1_412
412,t1_413
413,t1_414
414,t1_415
415,t1_416
416,t1_417
417,t1_418
418,t1_419
419,t1_420
420,t1_421
421,t1_422
422,t1_423
423,t1_424
424,t1_425
425,t1_426
426,t1_427
427,t1_428
428,t1_429
429,t1_430
430,t1_431
431,t1_432
432,t1_433
433,t1_434
434,t1_435
435,t1_436
436,t1_437
437,t1_438
438,t1_439
439,t1_440
440,t1_441
441,t1_442
442,t1_443
443,t1_444
444,t1_445
445,t1_446
446,t1_447
447,t1_448
448,t1_449
449,t1_450
450,t1_451
451,t1_452
452,t1_453
453,t1_454
454,t1_455
455,t1_456
456,t1_457
457,t1_458
458,t1_459
459,t1_460
460,t1_461
461,t1_462
462,t1_463
463,t1_464
464,t1_465
465,t1_466
466,t1_467
467,t1_468
468,t1_469
469,t1_470
470,t1_471
471,t1_472
472,t1_473
473,t1_474
474,t1_475
475,t1_476
476,t1_477
477,t1_478
478,t1_479
479,t1_480
480,t1_481
481,t1_482
482,t1_483
483,t1_484
484,t1_485
485,t1_486
486,t1_487
487,t1_488
488,t1_489
489,t1_490
490,t1_491
491,t1_492
492,t1_493
493,t1_494
494,t1_495
495,t1_496
496,t1_497
497,t1_498
498,t1_499
499,t1_500
500,t1_501
501,t1_502
502,t1_503
503,t1_504
504,t1_505
505,t1_506
506,t1_507
507,t1_508
508,t1_509
509,t1_510
510,t1_511
511,t1_512
512,t1_513
513,t1_514
514,t1_515
515,t1_516
516,t1_517
517,t1_518
518,t1_519
519,t1_520
520,t1_521
521,t1_522
522,t1_523
523,t1_524
524,t1_525
525,t1_526
526,t1_527
527,t1_528
528,t1_529
529,t1_530
530,t1_531
531,t1_532
532,t1_533
533,t1_534
534,t1_535
535,t1_536
536,t1_537
537,t1_538
538,t1_539
539,t1_540
540,t1_541
541,t1_542
542,t1_543
543,t1_544
544,t1_545
545,t1_546
546,t1_547
547,t1_548
548,t1_549
549,t1_550
550,t1_551
551,t1_552
552,t1_553
553,t1_554
554,t1_555
555,t1_556
556,t1_557
557,t1_558
558,t1_559
559,t1_560
560,t1_561
561,t1_562
562,t1_563
563,t1_564
564,t1_565
565,t1_566
566,t1_567
567,t1_568
568,t1_569
569,t1_570
570,t1_571
571,t1_572
572,t1_573
573,t1_574
574,t1_575
575,t1_576
576,t1_577
577,t1_578
578,t1_579
579,t1_580
580,t1_581
581,t1_582
582,t1_583
583,t1_584
584,t1_585
585,t1_586
586,t1_587
587,t1_588
588,t1_589
589,t1_590
590,t1_591
591,t1_592
592,t1_593
593,t1_594
594,t1_595
595,t1_596
596,t1_597
597,t1_598
598,t1_599
599,t1_600
600,t1_601
601,t1_602
602,t1_603
603,t1_604
604,t1_605
605,t1_606
606,t1_607
607,t1_608
608,t1_609
609,t1_610
610,t1_611
611,t1_612
612,t1_613
613,t1_614
614,t1_615
615,t1_616
616,t1_617
617,t1_618
618,t1_619
619,t1_620
620,t1_621
621,t1_622
622,t1_623
623,t1_624
624,t1_625
625,t1_626
626,t1_627
627,t1_628
628,t1_629
629,t1_630
630,t1_631
631,t1_632
632,t1_633
633,t1_634
634,t1_635
635,t1_636
636,t1_637
637,t1_638
638,t1_639
639,t1_640
640,t1_641
641,t1_642
642,t1_643
643,t1_644
644,t1_645
645,t1_646
646,t1_647
647,t1_648
648,t1_649
649,t1_650
650,t1_651
651,t1_652
652,t1_653
653,t1_654
654,t1_655
655,t1_656
656,t1_657
657,t1_658
658,t1_659
659,t1_660
660,t1_661
661,t1_662
662,t1_663
663,t1_664
664,t1_665
665,t1_666
666,t1_667
667,t1_668
668,t1_669
669,t1_670
670,t1_671
671,t1_672
672,t1_673
673,t1_674
674,t1_675
675,t1_676
676,t1_677
677,t1_678
678,t1_679
679,t1_680
680,t1_681
681,t1_682
682,t1_683
683,t1_684
684,t1_685
685,t1_686
686,t1_687
687,t1_688
688,t1_689
689,t1_690
690,t1_691
691,t1_692
692,t1_693
693,t1_694
694,t1_695
695,t1_696
696,t1_697
697,t1_698
698,t1_699
699,t1_700
700,t1_701
701,t1_702
702,t1_703
703,t1_704
704,t1_705
705,t1_706
706,t1_707
707,t1_708
708,t1_709
709,t1_710
710,t1_711
711,t1_712
712,t1_713
713,t1_714
714,t1_715
715,t1_716
716,t1_717
717,t1_718
718,t1_719
719,t1_720
720,t1_721
721,t1_722
722,t1_723
723,t1_724
724,t1_725
725,t1_726
726,t1_727
727,t1_728
728,t1_729
729,t1_730
730,t1_731
731,t1_732
732,t1_733
733,t1_734
734,t1_735
735,t1_736
736,t1_737
737,t1_738
738,t1_739
739,t1_740
740,t1_741
741,t1_742
742,t1_743
743,t1_744
744,t1_745
745,t1_746
746,t1_747
747,t1_748
748,t1_749
749,t1_750
750,t1_751
751,t1_752
752,t1_753
753,t1_754
754,t1_755
755,t1_756
756,t1_757
757,t1_758
758,t1_759
759,t1_760
760,t1_761
761,t1_762
762,t1_763
763,t1_764
764,t1_765
765,t1_766
766,t1_767
767,t1_768
768,t1_769
769,t1_770
770,t1_771
771,t1_772
772,t1_773
773,t1_774
774,t1_775
775,t1_776
776,t1_777
777,t1_778
778,t1_779
779,t1_780
780,t1_781
781,t1_782
782,t1_783
783,t1_784
784,t1_785
785,t1_786
786,t1_787
787,t1_788
788,t1_789
789,t1_790
790,t1_791
791,t1_792
792,t1_793
793,t1_794
794,t1_795
795,t1_796
796,t1_797
797,t1_798
798,t1_799
799,t1_800
800,t1_801
801,t1_802
802,t1_803
803,t1_804
804,t1_805
805,t1_806
806,t1_807
807,t1_808
808,t1_809
809,t1_810
810,t1_811
811,t1_812
812,t1_813
813,t1_814
814,t1_815
815,t1_816
816,t1_817
817,t1_818
818,t1_819
819,t1_820
820,t1_821
821,t1_822
822,t1_823
823,t1_824
824,t1_825
825,t1_826
826,t1_827
827,t1_828
828,t1_829
829,t1_830
830,t1_831
831,t1_832
832,t1_833
833,t1_834
834,t1_835
835,t1_836
836,t1_837
837,t1_838
838,t1_839
839,t1_840
840,t1_841
841,t1_842
842,t1_843
843,t1_844
844,t1_845
845,t1_846
846,t1_847
847,t1_848
848,t1_849
849,t1_850
850,t1_851
851,t1_852
852,t1_853
853,t1_854
854,t1_855
855,t1_856
856,t1_857
857,t1_858
858,t1_859
859,t1_860
860,t1_861
861,t1_862
862,t1_863
863,t1_864
864,t1_865
865,t1_866
866,t1_867
867,t1_868
868,t1_869
869,t1_870
870,t1_871
871,t1_872
872,t1_873
873,t1_874
874,t1_875
875,t1_876
876,t1_877
877,t1_878
878,t1_879
879,t1_880
880,t1_881
881,t1_882
882,t1_883
883,t1_884
884,t1_885
885,t1_886
886,t1_887
887,t1_888
888,t1_889
889,t1_890
890,t1_891
891,t1_892
892,t1_893
893,t1_894
894,t1_895
895,t1_896
896,t1_897
897,t1_898
898,t1_899
899,t1_900
900,t1_901
901,t1_902
902,t1_903
903,t1_904
904,t1_905
905,t1_906
906,t1_907
907,t1_908
908,t1_909
909,t1_910
910,t1_911
911,t1_912
912,t1_913
913,t1_914
914,t1_915
915,t1_916
916,t1_917
917,t1_918
918,t1_919
919,t1_920
920,t1_921
921,t1_922
922,t1_923
923,t1_924
924,t1_925
925,t1_926
926,t1_927
927,t1_928
928,t1_929
929,t1_930
930,t1_931
931,t1_932
932,t1_933
933,t1_934
934,t1_935
935,t1_936
936,t1_937
937,t1_938
938,t1_939
939,t1_940
940,t1_941
941,t1_942
942,t1_943
943,t1_944
944,t1_945
945,t1_946
946,t1_947
947,t1_948
948,t1_949
949,t1_950
950,t1_951
951,t1_952
952,t1_953
953,t1_954
954,t1_955
955,t1_956
956,t1_957
957,t1_958
958,t1_959
959,t1_960
960,t1_961
961,t1_962
962,t1_963
963,t1_964
964,t1_965
965,t1_966
966,t1_967
967,t1_968
968,t1_969
969,t1_970
970,t1_971
971,t1_972
972,t1_973
973,t1_974
974,t1_975
975,t1_976
976,t1_977
977,t1_978
978,t1_979
979,t1_980
980,t1_981
981,t1_982
982,t1_983
983,t1_984
984,t1_985
985,t1_986
986,t1_987
987,t1_988
988,t1_989
989,t1_990
990,t1_991
991,t1_992
992,t1_993
993,t1_994
994,t1_995
995,t1_996
996,t1_997
997,t1_998
998,t1_999
999,t1_1000
1000,t1_1001
1001,t1_1002
1002,t1_1003
1003,t1_1004
1004,t1_1005
1005,t1_1006
1006,t1_1007
1007,t1_1008
1008,t1_1009
1009,t1_1010
1010,t1_1011
1011,t1_1012
1012,t1_1013
1013,t1_1014
1014,t1_1015
1015,t1_1016
1016,t1_1017
1017,t1_1018
1018,t1_1019
1019,t1_1020
1020,t1_1021
1021,t1_1022
1022,t1_1023
1023,t1_1024
1024,t1_1025
1025,t1_1026
1026,t1_1027
1027,t1_1028
1028,t1_1029
1029,t1_1030
1030,t1_1031
1031,t1_1032
1032,t1_1033
1033,t1_1034
1034,t1_1035
1035,t1_1036
1036,t1_1037
1037,t1_1038
1038,t1_1039
1039,t1_1040
1040,t1_1041
1041,t1_1042
1042,t1_1043
1043,t1_1044
1044,t1_1045
1045,t1_1046
1046,t1_1047
1047,t1_1048
1048,t1_1049
1049,t1_1050
1050,t1_1051
1051,t1_1052
1052,t1_1053
1053,t1_1054
1054,t1_1055
1055,t1_1056
1056,t1_1057
1057,t1_1058
1058,t1_1059
1059,t1_1060
1060,t1_1061
1061,t1_1062
1062,t1_1063
1063,t1_1064
1064,t1_1065
1065,t1_1066
1066,t1_1067
1067,t1_1068
1068,t1_1069
1069,t1_1070
1070,t1_1071
1071,t1_1072
1072,t1_1073
1073,t1_1074
1074,t1_1075
1075,t1_1076
1076,t1_1077
1077,t1_1078
1078,t1_1079
1079,t1_1080
1080,t1_1081
1081,t1_1082
1082,t1_1083
1083,t1_1084
1084,t1_1085
1085,t1_1086
1086,t1_1087
1087,t1_1088
1088,t1_1089
1089,t1_1090
1090,t1_1091
1091,t1_1092
1092,t1_1093
1093,t1_1094
1094,t1_1095
1095,t1_1096
1096,t1_1097
1097,t1_1098
1098,t1_1099
1099,t1_1100
1100,t1_1101
1101,t1_1102
1102,t1_1103
1103,t1_1104
1104,t1_1105
1105,t1_1106
1106,t1_1107
1107,t1_1108
1108,t1_1109
1109,t1_1110
1110,t1_1111
1111,t1_1112
1112,t1_1113
1113,t1_1114
1114,t1_1115
1115,t1_1116
1116,t1_1117
1117,t1_1118
1118,t1_1119
1119,t1_1120
1120,t1_1121
1121,t1_1122
1122,t1_1123
1123,t1_1124
1124,t1_1125
1125,t1_1126
1126,t1_1127
1127,t1_1128
1128,t1_1129
1129,t1_1130
1130,t1_1131
1131,t1_1132
1132,t1_1133
1133,t1_1134
1134,t1_1135
1135,t1_1136
1136,t1_1137
1137,t1_1138
1138,t1_1139
1139,t1_1140
1140,t1_1141
1141,t1_1142
1142,t1_1143
1143,t1_1144
1144,t1_1145
1145,t1_1146
1146,t1_1147
1147,t1_1148
1148,t1_1149
1149,t1_1150
1150,t1_1151
1151,t1_1152
1152,t1_1153
1153,t1_1154
1154,t1_1155
1155,t1_1156
1156,t1_1157
1157,t1_1158
1158,t1_1159
1159,t1_1160
1160,t1_1161
1161,t1_1162
1162,t1_1163
1163,t1_1164
1164,t1_1165
1165,t1_1166
1166,t1_1167
1167,t1_1168
1168,t1_1169
1169,t1_1170
1170,t1_1171
1171,t1_1172
1172,t1_1173
1173,t1_1174
1174,t1_1175
1175,t1_1176
1176,t1_1177
1177,t1_1178
1178,t1_1179
1179,t1_1180
1180,t1_1181
1181,t1_1182
1182,t1_1183
1183,t1_1184
1184,t1_1185
1185,t1_1186
1186,t1_1187
1187,t1_1188
1188,t1_1189
1189,t1_1190
1190,t1_1191
1191,t1_1192
1192,t1_1193
1193,t1_1194
1194,t1_1195
1195,t1_1196
1196,t1_1197
1197,t1_1198
1198,t1_1199
1199,t1_1200
1200,t1_1201
1201,t1_1202
1202,t1_1203
1203,t1_1204
1204,t1_1205
1205,t1_1206
1206,t1_1207
1207,t1_1208
1208,t1_1209
1209,t1_1210
1210,t1_1211
1211,t1_1212
1212,t1_1213
1213,t1_1214
1214,t1_1215
1215,t1_1216
1216,t1_1217
1217,t1_1218
1218,t1_1219
1219,t1_1220
1220,t1_1221
1221,t1_1222
1222,t1_1223
1223,t1_1224
1224,t1_1225
1225,t1_1226
1226,t1_1227
1227,t1_1228
1228,t1_1229
1229,t1_1230
1230,t1_1231
1231,t1_1232
1232,t1_1233
1233,t1_1234
1234,t1_1235
1235,t1_1236
1236,t1_1237
1237,t1_1238
1238,t1_1239
1239,t1_1240
1240,t1_1241
1241,t1_1242
1242,t1_1243
1243,t1_1244
1244,t1_1245
1245,t1_1246
1246,t1_1247
1247,t1_1248
1248,t1_1249
1249,t1_1250
1250,t1_1251
1251,t1_1252
1252,t1_1253
1253,t1_1254
1254,t1_1255
1255,t1_1256
1256,t1_1257
1257,t1_1258
1258,t1_1259
1259,t1_1260
1260,t1_1261
1261,t1_1262
1262,t1_1263
1263,t1_1264
1264,t1_1265
1265,t1_1266
1266,t1_1267
1267,t1_1268
1268,t1_1269
1269,t1_1270
1270,t1_1271
1271,t1_1272
1272,t1_1273
1273,t1_1274
1274,t1_1275
1275,t1_1276
1276,t1_1277
1277,t1_1278
1278,t1_1279
1279,t1_1280
1280,t1_1281
1281,t1_1282
1282,t1_1283
1283,t1_1284
1284,t1_1285
1285,t1_1286
1286,t1_1287
1287,t1_1288
1288,t1_1289
1289,t1_1290
1290,t1_1291
1291,t1_1292
1292,t1_1293
1293,t1_1294
1294,t1_1295
1295,t1_1296
1296,t1_1297
1297,t1_1298
1298,t1_1299
1299,t1_1300
1300,t1_1301
1301,t1_1302
1302,t1_1303
1303,t1_1304
1304,t1_1305
1305,t1_1306
1306,t1_1307
1307,t1_1308
1308,t1_1309
1309,t1_1310
1310,t1_1311
1311,t1_1312
1312,t1_1313
1313,t1_1314
1314,t1_1315
1315,t1_1316
1316,t1_1317
1317,t1_1318
1318,t1_1319
1319,t1_1320
1320,t1_1321
1321,t1_1322
1322,t1_1323
1323,t1_1324
1324,t1_1325
1325,t1_1326
1326,t1_1327
1327,t1_1328
1328,t1_1329
1329,t1_1330
1330,t1_1331
1331,t1_1332
1332,t1_1333
1333,t1_1334
1334,t1_1335
1335,t1_1336
1336,t1_1337
1337,t1_1338
1338,t1_1339
1339,t1_1340
1340,t1_1341
1341,t1_1342
1342,t1_1343
1343,t1_1344
1344,t1_1345
1345,t1_1346
1346,t1_1347
1347,t1_1348
1348,t1_1349
1349,t1_1350
1350,t1_1351
1351,t1_1352
1352,t1_1353
1353,t1_1354
1354,t1_1355
1355,t1_1356
1356,t1_1357
1357,t1_1358
1358,t1_1359
1359,t1_1360
1360,t1_1361
1361,t1_1362
1362,t1_1363
1363,t1_1364
1364,t1_1365
1365,t1_1366
1366,t1_1367
1367,t1_1368
1368,t1_1369
1369,t1_1370
1370,t1_1371
1371,t1_1372
1372,t1_1373
1373,t1_1374
1374,t1_1375
1375,t1_1376
1376,t1_1377
1377,t1_1378
1378,t1_1379
1379,t1_1380
1380,t1_1381
1381,t1_1382
1382,t1_1383
1383,t1_1384
1384,t1_1385
1385,t1_1386
1386,t1_1387
1387,t1_1388
1388,t1_1389
1389,t1_1390
1390,t1_1391
1391,t1_1392
1392,t1_1393
1393,t1_1394
1394,t1_1395
1395,t1_1396
1396,t1_1397
1397,t1_1398
1398,t1_1399
1399,t1_1400
1400,t1_1401
1401,t1_1402
1402,t1_1403
1403,t1_1404
1404,t1_1405
1405,t1_1406
1406,t1_1407
1407,t1_1408
1408,t1_1409
1409,t1_1410
1410,t1_1411
1411,t1_1412
1412,t1_1413
1413,t1_1414
1414,t1_1415
1415,t1_1416
1416,t1_1417
1417,t1_1418
1418,t1_1419
1419,t1_1420
1420,t1_1421
1421,t1_1422
1422,t1_1423
1423,t1_1424
1424,t1_1425
1425,t1_1426
1426,t1_1427
1427,t1_1428
1428,t1_1429
1429,t1_1430
1430,t1_1431
1431,t1_1432
1432,t1_1433
1433,t1_1434
1434,t1_1435
1435,t1_1436
1436,t1_1437
1437,t1_1438
1438,t1_1439
1439,t1_1440
1440,t1_1441
1441,t1_1442
1442,t1_1443
1443,t1_1444
1444,t1_1445
1445,t1_1446
1446,t1_1447
1447,t1_1448
1448,t1_1449
1449,t1_1450
1450,t1_1451
1451,t1_1452
1452,t1_1453
1453,t1_1454
1454,t1_1455
1455,t1_1456
1456,t1_1457
1457,t1_1458
1458,t1_1459
1459,t1_1460
1460,t1_1461
1461,t1_1462
1462,t1_1463
1463,t1_1464
1464,t1_1465
1465,t1_1466
1466,t1_1467
1467,t1_1468
1468,t1_1469
1469,t1_1470
1470,t1_1471
1471,t1_1472
1472,t1_1473
1473,t1_1474
1474,t1_1475
1475,t1_1476
1476,t1_1477
1477,t1_1478
1478,t1_1479
1479,t1_1480
1480,t1_1481
1481,t1_1482
1482,t1_1483
1483,t1_1484
1484,t1_1485
1485,t1_1486
1486,t1_1487
1487,t1_1488
1488,t1_1489
1489,t1_1490
1490,t1_1491
1491,t1_1492
1492,t1_1493
1493,t1_1494
1494,t1_1495
1495,t1_1496
1496,t1_1497
1497,t1_1498
1498,t1_1499
1499,t1_1500
1500,t1_1501
1501,t1_1502
1502,t1_1503
1503,t1_1504
1504,t1_1505
1505,t1_1506
1506,t1_1507
1507,t1_1508
1508,t1_1509
1509,t1_1510
1510,t1_1511
1511,t1_1512
1512,t1_1513
1513,t1_1514
1514,t1_1515
1515,t1_1516
1516,t1_1517
1517,t1_1518
1518,t1_1519
1519,t1_1520
1520,t1_1521
1521,t1_1522
1522,t1_1523
1523,t1_1524
1524,t1_1525
1525,t1_1526
1526,t1_1527
1527,t1_1528
1528,t1_1529
1529,t1_1530
1530,t1_1531
1531,t1_1532
1532,t1_1533
1533,t1_1534
1534,t1_1535
1535,t1_1536
1536,t1_1537
1537,t1_1538
1538,t1_1539
1539,t1_1540
1540,t1_1541
1541,t1_1542
1542,t1_1543
1543,t1_1544
1544,t1_1545
1545,t1_1546
1546,t1_1547
1547,t1_1548
1548,t1_1549
1549,t1_1550
1550,t1_1551
1551,t1_1552
1552,t1_1553
1553,t1_1554
1554,t1_1555
1555,t1_1556
1556,t1_1557
1557,t1_1558
1558,t1_1559
1559,t1_1560
1560,t1_1561
1561,t1_1562
1562,t1_1563
1563,t1_1564
1564,t1_1565
1565,t1_1566
1566,t1_1567
1567,t1_1568
1568,t1_1569
1569,t1_1570
1570,t1_1571
1571,t1_1572
1572,t1_1573
1573,t1_1574
1574,t1_1575
1575,t1_1576
1576,t1_1577
1577,t1_1578
1578,t1_1579
1579,t1_1580
1580,t1_1581
1581,t1_1582
1582,t1_1583
1583,t1_1584
1584,t1_1585
1585,t1_1586
1586,t1_1587
1587,t1_1588
1588,t1_1589
1589,t1_1590
1590,t1_1591
1591,t1_1592
1592,t1_1593
1593,t1_1594
1594,t1_1595
1595,t1_1596
1596,t1_1597
1597,t1_1598
1598,t1_1599
1599,t1_1600
1600,t1_1601
1601,t1_1602
1602,t1_1603
1603,t1_1604
1604,t1_1605
1605,t1_1606
1606,t1_1607
1607,t1_1608
1608,t1_1609
1609,t1_1610
1610,t1_1611
1611,t1_1612
1612,t1_1613
1613,t1_1614
1614,t1_1615
1615,t1_1616
1616,t1_1617
1617,t1_1618
1618,t1_1619
1619,t1_1620
1620,t1_1621
1621,t1_1622
1622,t1_1623
1623,t1_1624
1624,t1_1625
1625,t1_1626
1626,t1_1627
1627,t1_1628
1628,t1_1629
1629,t1_1630
1630,t1_1631
1631,t1_1632
1632,t1_1633
1633,t1_1634
1634,t1_1635
1635,t1_1636
1636,t1_1637
1637,t1_1638
1638,t1_1639
1639,t1_1640
1640,t1_1641
1641,t1_1642
1642,t1_1643
1643,t1_1644
1644,t1_1645
1645,t1_1646
1646,t1_1647
1647,t1_1648
1648,t1_1649
1649,t1_1650
1650,t1_1651
1651,t1_1652
1652,t1_1653
1653,t1_1654
1654,t1_1655
1655,t1_1656
1656,t1_1657
1657,t1_1658
1658,t1_1659
1659,t1_1660
1660,t1_1661
1661,t1_1662
1662,t1_1663
1663,t1_1664
1664,t1_1665
1665,t1_1666
1666,t1_1667
1667,t1_1668
1668,t1_1669
1669,t1_1670
1670,t1_1671
1671,t1_1672
1672,t1_1673
1673,t1_1674
1674,t1_1675
1675,t1_1676
1676,t1_1677
1677,t1_1678
1678,t1_1679
1679,t1_1680
1680,t1_1681
1681,t1_1682
1682,t1_1683
1683,t1_1684
1684,t1_1685
1685,t1_1686
1686,t1_1687
1687,t1_1688
1688,t1_1689
1689,t1_1690
1690,t1_1691
1691,t1_1692
1692,t1_1693
1693,t1_1694
1694,t1_1695
1695,t1_1696
1696,t1_1697
1697,t1_1698
1698,t1_1699
1699,t1_1700
1700,t1_1701
1701,t1_1702
1702,t1_1703
1703,t1_1704
1704,t1_1705
1705,t1_1706
1706,t1_1707
1707,t1_1708
1708,t1_1709
1709,t1_1710
1710,t1_1711
1711,t1_1712
1712,t1_1713
1713,t1_1714
1714,t1_1715
1715,t1_1716
1716,t1_1717
1717,t1_1718
1718,t1_1719
1719,t1_1720
1720,t1_1721
1721,t1_1722
1722,t1_1723
1723,t1_1724
1724,t1_1725
1725,t1_1726
1726,t1_1727
1727,t1_1728
1728,t1_1729
1729,t1_1730
1730,t1_1731
1731,t1_1732
1732,t1_1733
1733,t1_1734
1734,t1_1735
1735,t1_1736
1736,t1_1737
1737,t1_1738
1738,t1_1739
1739,t1_1740
1740,t1_1741
1741,t1_1742
1742,t1_1743
1743,t1_1744
1744,t1_1745
1745,t1_1746
1746,t1_1747
1747,t1_1748
1748,t1_1749
1749,t1_1750
1750,t1_1751
1751,t1_1752
1752,t1_1753
1753,t1_1754
1754,t1_1755
1755,t1_1756
1756,t1_1757
1757,t1_1758
1758,t1_1759
1759,t1_1760
1760,t1_1761
1761,t1_1762
1762,t1_1763
1763,t1_1764
1764,t1_1765
1765,t1_1766
1766,t1_1767
1767,t1_1768
1768,t1_1769
1769,t1_1770
1770,t1_1771
1771,t1_1772
1772,t1_1773
1773,t1_1774
1774,t1_1775
1775,t1_1776
1776,t1_1777
1777,t1_1778
1778,t1_1779
1779,t1_1780
1780,t1_1781
1781,t1_1782
1782,t1_1783
1783,t1_1784
1784,t1_1785
1785,t1_1786
1786,t1_1787
1787,t1_1788
1788,t1_1789
1789,t1_1790
1790,t1_1791
1791,t1_1792
1792,t1_1793
1793,t1_1794
1794,t1_1795
1795,t1_1796
1796,t1_1797
1797,t1_1798
1798,t1_1799
1799,t1_1800
1800,t1_1801
1801,t1_1802
1802,t1_1803
1803,t1_1804
1804,t1_1805
1805,t1_1806
1806,t1_1807
1807,t1_1808
1808,t1_1809
1809,t1_1810
1810,t1_1811
1811,t1_1812
1812,t1_1813
1813,t1_1814
1814,t1_1815
1815,t1_1816
1816,t1_1817
1817,t1_1818
1818,t1_1819
1819,t1_1820
1820,t1_1821
1821,t1_1822
1822,t1_1823
1823,t1_1824
1824,t1_1825
1825,t1_1826
1826,t1_1827
1827,t1_1828
1828,t1_1829
1829,t1_1830
1830,t1_1831
1831,t1_1832
1832,t1_1833
1833,t1_1834
1834,t1_1835
1835,t1_1836
1836,t1_1837
1837,t1_1838
1838,t1_1839
1839,t1_1840
1840,t1_1841
1841,t1_1842
1842,t1_1843
1843,t1_1844
1844,t1_1845
1845,t1_1846
1846,t1_1847
1847,t1_1848
1848,t1_1849
1849,t1_1850
1850,t1_1851
1851,t1_1852
1852,t1_1853
1853,t1_1854
1854,t1_1855
1855,t1_1856
1856,t1_1857
1857,t1_1858
1858,t1_1859
1859,t1_1860
1860,t1_1861
1861,t1_1862
1862,t1_1863
1863,t1_1864
1864,t1_1865
1865,t1_1866
1866,t1_1867
1867,t1_1868
1868,t1_1869
1869,t1_1870
1870,t1_1871
1871,t1_1872
1872,t1_1873
1873,t1_1874
1874,t1_1875
1875,t1_1876
1876,t1_1877
1877,t1_1878
1878,t1_1879
1879,t1_1880
1880,t1_1881
1881,t1_1882
1882,t1_1883
1883,t1_1884
1884,t1_1885
1885,t1_1886
1886,t1_1887
1887,t1_1888
1888,t1_1889
1889,t1_1890
1890,t1_1891
1891,t1_1892
1892,t1_1893
1893,t1_1894
1894,t1_1895
1895,t1_1896
1896,t1_1897
1897,t1_1898
1898,t1_1899
1899,t1_1900
1900,t1_1901
1901,t1_1902
1902,t1_1903
1903,t1_1904
1904,t1_1905
1905,t1_1906
1906,t1_1907
1907,t1_1908
1908,t1_1909
1909,t1_1910
1910,t1_1911
1911,t1_1912
1912,t1_1913
1913,t1_1914
1914,t1_1915
1915,t1_1916
1916,t1_1917
1917,t1_1918
1918,t1_1919
1919,t1_1920
1920,t1_1921
1921,t1_1922
1922,t1_1923
1923,t1_1924
1924,t1_1925
1925,t1_1926
1926,t1_1927
1927,t1_1928
1928,t1_1929
1929,t1_1930
1930,t1_1931
1931,t1_1932
1932,t1_1933
1933,t1_1934
1934,t1_1935
1935,t1_1936
1936,t1_1937
1937,t1_1938
1938,t1_1939
1939,t1_1940
1940,t1_1941
1941,t1_1942
1942,t1_1943
1943,t1_1944
1944,t1_1945
1945,t1_1946
1946,t1_1947
1947,t1_1948
1948,t1_1949
1949,t1_1950
1950,t1_1951
1951,t1_1952
1952,t1_1953
1953,t1_1954
1954,t1_1955
1955,t1_1956
1956,t1_1957
1957,t1_1958
1958,t1_1959
1959,t1_1960
1960,t1_1961
1961,t1_1962
1962,t1_1963
1963,t1_1964
1964,t1_1965
1965,t1_1966
1966,t1_1967
1967,t1_1968
1968,t1_1969
1969,t1_1970
1970,t1_1971
1971,t1_1972
1972,t1_1973
1973,t1_1974
1974,t1_1975
1975,t1_1976
1976,t1_1977
1977,t1_1978
1978,t1_1979
1979,t1_1980
1980,t1_1981
1981,t1_1982
1982,t1_1983
1983,t1_1984
1984,t1_1985
1985,t1_1986
1986,t1_1987
1987,t1_1988
1988,t1_1989
1989,t1_1990
1990,t1_1991
1991,t1_1992
1992,t1_1993
1993,t1_1994
1994,t1_1995
1995,t1_1996
1996,t1_1997
1997,t1_1998
1998,t1_1999
1999,t1_2000
2000,t1_2001
2001,t1_2002
2002,t1_2003
2003,t1_2004
2004,t1_2005
2005,t1_2006
2006,t1_2007
2007,t1_2008
2008,t1_2009
2009,t1_2010
2010,t1_2011
2011,t1_2012
2012,t1_2013
2013,t1_2014
2014,t1_2015
2015,t1_2016
2016,t1_2017
2017,t1_2018
2018,t1_2019
2019,t1_2020
2020,t1_2021
2021,t1_2022
2022,t1_2023
2023,t1_2024
2024,t1_2025
2025,t1_2026
2026,t1_2027
2027,t1_2028
2028,t1_2029
2029,t1_2030
2030,t1_2031
2031,t1_2032
2032,t1_2033
2033,t1_2034
2034,t1_2035
2035,t1_2036
2036,t1_2037
2037,t1_2038
2038,t1_2039
2039,t1_2040
2040,t1_2041
2041,t1_2042
2042,t1_2043
2043,t1_2044
2044,t1_2045
2045,t1_2046
2046,t1_2047
2047,t1_2048
2048,t1_2049
2049,t1_2050
2050,t1_2051
2051,t1_2052
2052,t1_2053
2053,t1_2054
2054,t1_2055
2055,t1_2056
2056,t1_2057
2057,t1_2058
2058,t1_2059
2059,t1_2060
2060,t1_2061
2061,t1_2062
2062,t1_2063
2063,t1_2064
2064,t1_2065
2065,t1_2066
2066,t1_2067
2067,t1_2068
2068,t1_2069
2069,t1_2070
2070,t1_2071
2071,t1_2072
2072,t1_2073
2073,t1_2074
2074,t1_2075
2075,t1_2076
2076,t1_2077
2077,t1_2078
2078,t1_2079
2079,t1_2080
2080,t1_2081
2081,t1_2082
2082,t1_2083
2083,t1_2084
2084,t1_2085
2085,t1_2086
2086,t1_2087
2087,t1_2088
2088,t1_2089
2089,t1_2090
2090,t1_2091
2091,t1_2092
2092,t1_2093
2093,t1_2094
2094,t1_2095
2095,t1_2096
2096,t1_2097
2097,t1_2098
2098,t1_2099
2099,t1_2100
2100,t1_2101
2101,t1_2102
2102,t1_2103
2103,t1_2104
2104,t1_2105
2105,t1_2106
2106,t1_2107
2107,t1_2108
2108,t1_2109
2109,t1_2110
2110,t1_2111
2111,t1_2112
2112,t1_2113
2113,t1_2114
2114,t1_2115
2115,t1_2116
2116,t1_2117
2117,t1_2118
2118,t1_2119
2119,t1_2120
2120,t1_2121
2121,t1_2122
2122,t1_2123
2123,t1_2124
2124,t1_2125
2125,t1_2126
2126,t1_2127
2127,t1_2128
2128,t1_2129
2129,t1_2130
2130,t1_2131
2131,t1_2132
2132,t1_2133
2133,t1_2134
2134,t1_2135
2135,t1_2136
2136,t1_2137
2137,t1_2138
2138,t1_2139
2139,t1_2140
2140,t1_2141
2141,t1_2142
2142,t1_2143
2143,t1_2144
2144,t1_2145
2145,t1_2146
2146,t1_2147
2147,t1_2148
2148,t1_2149
2149,t1_2150
2150,t1_2151
2151,t1_2152
2152,t1_2153
2153,t1_2154
2154,t1_2155
2155,t1_2156
2156,t1_2157
2157,t1_2158
2158,t1_2159
2159,t1_2160
2160,t1_2161
2161,t1_2162
2162,t1_2163
2163,t1_2164
2164,t1_2165
2165,t1_2166
2166,t1_2167
2167,t1_2168
2168,t1_2169
2169,t1_2170
2170,t1_2171
2171,t1_2172
2172,t1_2173
2173,t1_2174
2174,t1_2175
2175,t1_2176
2176,t1_2177
2177,t1_2178
2178,t1_2179
2179,t1_2180
2180,t1_2181
2181,t1_2182
2182,t1_2183
2183,t1_2184
2184,t1_2185
2185,t1_2186
2186,t1_2187
2187,t1_2188
2188,t1_2189
2189,t1_2190
2190,t1_2191
2191,t1_2192
2192,t1_2193
2193,t1_2194
2194,t1_2195
2195,t1_2196
2196,t1_2197
2197,t1_2198
2198,t1_2199
2199,t1_2200
2200,t1_2201
2201,t1_2202
2202,t1_2203
2203,t1_2204
2204,t1_2205
2205,t1_2206
2206,t1_2207
2207,t1_2208
2208,t1_2209
2209,t1_2210
2210,t1_2211
2211,t1_2212
2212,t1_2213
2213,t1_2214
2214,t1_2215
2215,t1_2216
2216,t1_2217
2217,t1_2218
2218,t1_2219
2219,t1_2220
2220,t1_2221
2221,t1_2222
2222,t1_2223
2223,t1_2224
2224,t1_2225
2225,t1_2226
2226,t1_2227
2227,t1_2228
2228,t1_2229
2229,t1_2230
2230,t1_2231
2231,t1_2232
2232,t1_2233
2233,t1_2234
2234,t1_2235
2235,t1_2236
2236,t1_2237
2237,t1_2238
2238,t1_2239
2239,t1_2240
2240,t1_2241
2241,t1_2242
2242,t1_2243
2243,t1_2244
2244,t1_2245
2245,t1_2246
2246,t1_2247
2247,t1_2248
2248,t1_2249
2249,t1_2250
2250,t1_2251
2251,t1_2252
2252,t1_2253
2253,t1_2254
2254,t1_2255
2255,t1_2256
2256,t1_2257
2257,t1_2258
2258,t1_2259
2259,t1_2260
2260,t1_2261
2261,t1_2262
2262,t1_2263
2263,t1_2264
2264,t1_2265
2265,t1_2266
2266,t1_2267
2267,t1_2268
2268,t1_2269
2269,t1_2270
2270,t1_2271
2271,t1_2272
2272,t1_2273
2273,t1_2274
2274,t1_2275
2275,t1_2276
2276,t1_2277
2277,t1_2278
2278,t1_2279
2279,t1_2280
2280,t1_2281
2281,t1_2282
2282,t1_2283
2283,t1_2284
2284,t1_2285
2285,t1_2286
2286,t1_2287
2287,t1_2288
2288,t1_2289
2289,t1_2290
2290,t1_2291
2291,t1_2292
2292,t1_2293
2293,t1_2294
2294,t1_2295
2295,t1_2296
2296,t1_2297
2297,t1_2298
2298,t1_2299
2299,t1_2300
2300,t1_2301
2301,t1_2302
2302,t1_2303
2303,t1_2304
2304,t1_2305
2305,t1_2306
2306,t1_2307
2307,t1_2308
2308,t1_2309
2309,t1_2310
2310,t1_2311
2311,t1_2312
2312,t1_2313
2313,t1_2314
2314,t1_2315
2315,t1_2316
2316,t1_2317
2317,t1_2318
2318,t1_2319
2319,t1_2320
2320,t1_2321
2321,t1_2322
2322,t1_2323
2323,t1_2324
2324,t1_2325
2325,t1_2326
2326,t1_2327
2327,t1_2328
2328,t1_2329
2329,t1_2330
2330,t1_2331
2331,t1_2332
2332,t1_2333
2333,t1_2334
2334,t1_2335
2335,t1_2336
2336,t1_2337
2337,t1_2338
2338,t1_2339
2339,t1_2340
2340,t1_2341
2341,t1_2342
2342,t1_2343
2343,t1_2344
2344,t1_2345
2345,t1_2346
2346,t1_2347
2347,t1_2348
2348,t1_2349
2349,t1_2350
2350,t1_2351
2351,t1_2352
2352,t1_2353
2353,t1_2354
2354,t1_2355
2355,t1_2356
2356,t1_2357
2357,t1_2358
2358,t1_2359
2359,t1_2360
2360,t1_2361
2361,t1_2362
2362,t1_2363
2363,t1_2364
2364,t1_2365
2365,t1_2366
2366,t1_2367
2367,t1_2368
2368,t1_2369
2369,t1_2370
2370,t1_2371
2371,t1_2372
2372,t1_2373
2373,t1_2374
2374,t1_2375
2375,t1_2376
2376,t1_2377
2377,t1_2378
2378,t1_2379
2379,t1_2380
2380,t1_2381
2381,t1_2382
2382,t1_2383
2383,t1_2384
2384,t1_2385
2385,t1_2386
2386,t1_2387
2387,t1_2388
2388,t1_2389
2389,t1_2390
2390,t1_2391
2391,t1_2392
2392,t1_2393
2393,t1_2394
2394,t1_2395
2395,t1_2396
2396,t1_2397
2397,t1_2398
2398,t1_2399
2399,t1_2400
2400,t1_2401
2401,t1_2402
2402,t1_2403
2403,t1_2404
2404,t1_2405
2405,t1_2406
2406,t1_2407
2407,t1_2408
2408,t1_2409
2409,t1_2410
2410,t1_2411
2411,t1_2412
2412,t1_2413
2413,t1_2414
2414,t1_2415
2415,t1_2416
2416,t1_2417
2417,t1_2418
2418,t1_2419
2419,t1_2420
2420,t1_2421
2421,t1_2422
2422,t1_2423
2423,t1_2424
2424,t1_2425
2425,t1_2426
2426,t1_2427
2427,t1_2428
2428,t1_2429
2429,t1_2430
2430,t1_2431
2431,t1_2432
2432,t1_2433
2433,t1_2434
2434,t1_2435
2435,t1_2436
2436,t1_2437
2437,t1_2438
2438,t1_2439
2439,t1_2440
2440,t1_2441
2441,t1_2442
2442,t1_2443
2443,t1_2444
2444,t1_2445
2445,t1_2446
2446,t1_2447
2447,t1_2448
2448,t1_2449
2449,t1_2450
2450,t1_2451
2451,t1_2452
2452,t1_2453
2453,t1_2454
2454,t1_2455
2455,t1_2456
2456,t1_2457
2457,t1_2458
2458,t1_2459
2459,t1_2460
2460,t1_2461
2461,t1_2462
2462,t1_2463
2463,t1_2464
2464,t1_2465
2465,t1_2466
2466,t1_2467
2467,t1_2468
2468,t1_2469
2469,t1_2470
2470,t1_2471
2471,t1_2472
2472,t1_2473
2473,t1_2474
2474,t1_2475
2475,t1_2476
2476,t1_2477
2477,t1_2478
2478,t1_2479
2479,t1_2480
2480,t1_2481
2481,t1_2482
2482,t1_2483
2483,t1_2484
2484,t1_2485
2485,t1_2486
2486,t1_2487
2487,t1_2488
2488,t1_2489
2489,t1_2490
2490,t1_2491
2491,t1_2492
2492,t1_2493
2493,t1_2494
2494,t1_2495
2495,t1_2496
2496,t1_2497
2497,t1_2498
2498,t1_2499
2499,t1_2500
2500,t1_2501
2501,t1_2502
2502,t1_2503
2503,t1_2504
2504,t1_2505
2505,t1_2506
2506,t1_2507
2507,t1_2508
2508,t1_2509
2509,t1_2510
2510,t1_2511
2511,t1_2512
2512,t1_2513
2513,t1_2514
2514,t1_2515
2515,t1_2516
2516,t1_2517
2517,t1_2518
2518,t1_2519
2519,t1_2520
2520,t1_2521
2521,t1_2522
2522,t1_2523
2523,t1_2524
2524,t1_2525
2525,t1_2526
2526,t1_2527
2527,t1_2528
2528,t1_2529
2529,t1_2530
2530,t1_2531
2531,t1_2532
2532,t1_2533
2533,t1_2534
2534,t1_2535
2535,t1_2536
2536,t1_2537
2537,t1_2538
2538,t1_2539
2539,t1_2540
2540,t1_2541
2541,t1_2542
2542,t1_2543
2543,t1_2544
2544,t1_2545
2545,t1_2546
2546,t1_2547
2547,t1_2548
2548,t1_2549
2549,t1_2550
2550,t1_2551
2551,t1_2552
2552,t1_2553
2553,t1_2554
2554,t1_2555
2555,t1_2556
2556,t1_2557
2557,t1_2558
2558,t1_2559
2559,t1_2560
2560,t1_2561
2561,t1_2562
2562,t1_2563
2563,t1_2564
2564,t1_2565
2565,t1_2566
2566,t1_2567
2567,t1_2568
2568,t1_2569
2569,t1_2570
2570,t1_2571
2571,t1_2572
2572,t1_2573
2573,t1_2574
2574,t1_2575
2575,t1_2576
2576,t1_2577
2577,t1_2578
2578,t1_2579
2579,t1_2580
2580,t1_2581
2581,t1_2582
2582,t1_2583
2583,t1_2584
2584,t1_2585
2585,t1_2586
2586,t1_2587
2587,t1_2588
2588,t1_2589
2589,t1_2590
2590,t1_2591
2591,t1_2592
2592,t1_2593
2593,t1_2594
2594,t1_2595
2595,t1_2596
2596,t1_2597
2597,t1_2598
2598,t1_2599
2599,t1_2600
2600,t1_2601
2601,t1_2602
2602,t1_2603
2603,t1_2604
2604,t1_2605
2605,t1_2606
2606,t1_2607
2607,t1_2608
2608,t1_2609
2609,t1_2610
2610,t1_2611
2611,t1_2612
2612,t1_2613
2613,t1_2614
2614,t1_2615
2615,t1_2616
2616,t1_2617
2617,t1_2618
2618,t1_2619
2619,t1_2620
2620,t1_2621
2621,t1_2622
2622,t1_2623
2623,t1_2624
2624,t1_2625
2625,t1_2626
2626,t1_2627
2627,t1_2628
2628,t1_2629
2629,t1_2630
2630,t1_2631
2631,t1_2632
2632,t1_2633
2633,t1_2634
2634,t1_2635
2635,t1_2636
2636,t1_2637
2637,t1_2638
2638,t1_2639
2639,t1_2640
2640,t1_2641
2641,t1_2642
2642,t1_2643
2643,t1_2644
2644,t1_2645
2645,t1_2646
2646,t1_2647
2647,t1_2648
2648,t1_2649
2649,t1_2650
2650,t1_2651
2651,t1_2652
2652,t1_2653
2653,t1_2654
2654,t1_2655
2655,t1_2656
2656,t1_2657
2657,t1_2658
2658,t1_2659
2659,t1_2660
2660,t1_2661
2661,t1_2662
2662,t1_2663
2663,t1_2664
2664,t1_2665
2665,t1_2666
2666,t1_2667
2667,t1_2668
2668,t1_2669
2669,t1_2670
2670,t1_2671
2671,t1_2672
2672,t1_2673
2673,t1_2674
2674,t1_2675
2675,t1_2676
2676,t1_2677
2677,t1_2678
2678,t1_2679
2679,t1_2680
2680,t1_2681
2681,t1_2682
2682,t1_2683
2683,t1_2684
2684,t1_2685
2685,t1_2686
2686,t1_2687
2687,t1_2688
2688,t1_2689
2689,t1_2690
2690,t1_2691
2691,t1_2692
2692,t1_2693
2693,t1_2694
2694,t1_2695
2695,t1_2696
2696,t1_2697
2697,t1_2698
2698,t1_2699
2699,t1_2700
2700,t1_2701
2701,t1_2702
2702,t1_2703
2703,t1_2704
2704,t1_2705
2705,t1_2706
2706,t1_2707
2707,t1_2708
2708,t1_2709
2709,t1_2710
2710,t1_2711
2711,t1_2712
2712,t1_2713
2713,t1_2714
2714,t1_2715
2715,t1_2716
2716,t1_2717
2717,t1_2718
2718,t1_2719
2719,t1_2720
2720,t1_2721
2721,t1_2722
2722,t1_2723
2723,t1_2724
2724,t1_2725
2725,t1_2726
2726,t1_2727
2727,t1_2728
2728,t1_2729
2729,t1_2730
2730,t1_2731
2731,t1_2732
2732,t1_2733
2733,t1_2734
2734,t1_2735
2735,t1_2736
2736,t1_2737
2737,t1_2738
2738,t1_2739
2739,t1_2740
2740,t1_2741
2741,t1_2742
2742,t1_2743
2743,t1_2744
2744,t1_2745
2745,t1_2746
2746,t1_2747
2747,t1_2748
2748,t1_2749
2749,t1_2750
2750,t1_2751
2751,t1_2752
2752,t1_2753
2753,t1_2754
2754,t1_2755
2755,t1_2756
2756,t1_2757
2757,t1_2758
2758,t1_2759
2759,t1_2760
2760,t1_2761
2761,t1_2762
2762,t1_2763
2763,t1_2764
2764,t1_2765
2765,t1_2766
2766,t1_2767
2767,t1_2768
2768,t1_2769
2769,t1_2770
2770,t1_2771
2771,t1_2772
2772,t1_2773
2773,t1_2774
2774,t1_2775
2775,t1_2776
2776,t1_2777
2777,t1_2778
2778,t1_2779
2779,t1_2780
2780,t1_2781
2781,t1_2782
2782,t1_2783
2783,t1_2784
2784,t1_2785
2785,t1_2786
2786,t1_2787
2787,t1_2788
2788,t1_2789
2789,t1_2790
2790,t1_2791
2791,t1_2792
2792,t1_2793
2793,t1_2794
2794,t1_2795
2795,t1_2796
2796,t1_2797
2797,t1_2798
2798,t1_2799
2799,t1_2800
2800,t1_2801
2801,t1_2802
2802,t1_2803
2803,t1_2804
2804,t1_2805
2805,t1_2806
2806,t1_2807
2807,t1_2808
2808,t1_2809
2809,t1_2810
2810,t1_2811
2811,t1_2812
2812,t1_2813
2813,t1_2814
2814,t1_2815
2815,t1_2816
2816,t1_2817
2817,t1_2818
2818,t1_2819
2819,t1_2820
2820,t1_2821
2821,t1_2822
2822,t1_2823
2823,t1_2824
2824,t1_2825
2825,t1_2826
2826,t1_2827
2827,t1_2828
2828,t1_2829
2829,t1_2830
2830,t1_2831
2831,t1_2832
2832,t1_2833
2833,t1_2834
2834,t1_2835
2835,t1_2836
2836,t1_2837
2837,t1_2838
2838,t1_2839
2839,t1_2840
2840,t1_2841
2841,t1_2842
2842,t1_2843
2843,t1_2844
2844,t1_2845
2845,t1_2846
2846,t1_2847
2847,t1_2848
2848,t1_2849
2849,t1_2850
2850,t1_2851
2851,t1_2852
2852,t1_2853
2853,t1_2854
2854,t1_2855
2855,t1_2856
2856,t1_2857
2857,t1_2858
2858,t1_2859
2859,t1_2860
2860,t1_2861
2861,t1_2862
2862,t1_2863
2863,t1_2864
2864,t1_2865
2865,t1_2866
2866,t1_2867
2867,t1_2868
2868,t1_2869
2869,t1_2870
2870,t1_2871
2871,t1_2872
2872,t1_2873
2873,t1_2874
2874,t1_2875
2875,t1_2876
2876,t1_2877
2877,t1_2878
2878,t1_2879
2879,t1_2880
2880,t1_2881
2881,t1_2882
2882,t1_2883
2883,t1_2884
2884,t1_2885
2885,t1_2886
2886,t1_2887
2887,t1_2888
2888,t1_2889
2889,t1_2890
2890,t1_2891
2891,t1_2892
2892,t1_2893
2893,t1_2894
2894,t1_2895
2895,t1_2896
2896,t1_2897
2897,t1_2898
2898,t1_2899
2899,t1_2900
2900,t1_2901
2901,t1_2902
2902,t1_2903
2903,t1_2904
2904,t1_2905
2905,t1_2906
2906,t1_2907
2907,t1_2908
2908,t1_2909
2909,t1_2910
2910,t1_2911
2911,t1_2912
2912,t1_2913
2913,t1_2914
2914,t1_2915
2915,t1_2916
2916,t1_2917
2917,t1_2918
2918,t1_2919
2919,t1_2920
2920,t1_2921
2921,t1_2922
2922,t1_2923
2923,t1_2924
2924,t1_2925
2925,t1_2926
2926,t1_2927
2927,t1_2928
2928,t1_2929
2929,t1_2930
2930,t1_2931
2931,t1_2932
2932,t1_2933
2933,t1_2934
2934,t1_2935
2935,t1_2936
2936,t1_2937
2937,t1_2938
2938,t1_2939
2939,t1_2940
2940,t1_2941
2941,t1_2942
2942,t1_2943
2943,t1_2944
2944,t1_2945
2945,t1_2946
2946,t1_2947
2947,t1_2948
2948,t1_2949
2949,t1_2950
2950,t1_2951
2951,t1_2952
2952,t1_2953
2953,t1_2954
2954,t1_2955
2955,t1_2956
2956,t1_2957
2957,t1_2958
2958,t1_2959
2959,t1_2960
2960,t1_2961
2961,t1_2962
2962,t1_2963
2963,t1_2964
2964,t1_2965
2965,t1_2966
2966,t1_2967
2967,t1_2968
2968,t1_2969
2969,t1_2970
2970,t1_2971
2971,t1_2972
2972,t1_2973
2973,t1_2974
2974,t1_2975
2975,t1_2976
2976,t1_2977
2977,t1_2978
2978,t1_2979
2979,t1_2980
2980,t1_2981
2981,t1_2982
2982,t1_2983
2983,t1_2984
2984,t1_2985
2985,t1_2986
2986,t1_2987
2987,t1_2988
2988,t1_2989
2989,t1_2990
2990,t1_2991
2991,t1_2992
2992,t1_2993
2993,t1_2994
2994,t1_2995
2995,t1_2996
2996,t1_2997
2997,t1_2998
2998,t1_2999
2999,t1_3000
3000,t1_3001
3001,t1_3002
3002,t1_3003
3003,t1_3004
3004,t1_3005
3005,t1_3006
3006,t1_3007
3007,t1_3008
3008,t1_3009
3009,t1_3010
3010,t1_3011
3011,t1_3012
3012,t1_3013
3013,t1_3014
3014,t1_3015
3015,t1_3016
3016,t1_3017
3017,t1_3018
3018,t1_3019
3019,t1_3020
3020,t1_3021
3021,t1_3022
3022,t1_3023
3023,t1_3024
3024,t1_3025
3025,t1_3026
3026,t1_3027
3027,t1_3028
3028,t1_3029
3029,t1_3030
3030,t1_3031
3031,t1_3032
3032,t1_3033
3033,t1_3034
3034,t1_3035
3035,t1_3036
3036,t1_3037
3037,t1_3038
3038,t1_3039
3039,t1_3040
3040,t1_3041
3041,t1_3042
3042,t1_3043
3043,t1_3044
3044,t1_3045
3045,t1_3046
3046,t1_3047
3047,t1_3048
3048,t1_3049
3049,t1_3050
3050,t1_3051
3051,t1_3052
3052,t1_3053
3053,t1_3054
3054,t1_3055
3055,t1_3056
3056,t1_3057
3057,t1_3058
3058,t1_3059
3059,t1_3060
3060,t1_3061
3061,t1_3062
3062,t1_3063
3063,t1_3064
3064,t1_3065
3065,t1_3066
3066,t1_3067
3067,t1_3068
3068,t1_3069
3069,t1_3070
3070,t1_3071
3071,t1_3072
3072,t1_3073
3073,t1_3074
3074,t1_3075
3075,t1_3076
3076,t1_3077
3077,t1_3078
3078,t1_3079
3079,t1_3080
3080,t1_3081
3081,t1_3082
3082,t1_3083
3083,t1_3084
3084,t1_3085
3085,t1_3086
3086,t1_3087
3087,t1_3088
3088,t1_3089
3089,t1_3090
3090,t1_3091
3091,t1_3092
3092,t1_3093
3093,t1_3094
3094,t1_3095
3095,t1_3096
3096,t1_3097
3097,t1_3098
3098,t1_3099
3099,t1_3100
3100,t1_3101
3101,t1_3102
3102,t1_3103
3103,t1_3104
3104,t1_3105
3105,t1_3106
3106,t1_3107
3107,t1_3108
3108,t1_3109
3109,t1_3110
3110,t1_3111
3111,t1_3112
3112,t1_3113
3113,t1_3114
3114,t1_3115
3115,t1_3116
3116,t1_3117
3117,t1_3118
3118,t1_3119
3119,t1_3120
3120,t1_3121
3121,t1_3122
3122,t1_3123
3123,t1_3124
3124,t1_3125
3125,t1_3126
3126,t1_3127
3127,t1_3128
3128,t1_3129
3129,t1_3130
3130,t1_3131
3131,t1_3132
3132,t1_3133
3133,t1_3134
3134,t1_3135
3135,t1_3136
3136,t1_3137
3137,t1_3138
3138,t1_3139
3139,t1_3140
3140,t1_3141
3141,t1_3142
3142,t1_3143
3143,t1_3144
3144,t1_3145
3145,t1_3146
3146,t1_3147
3147,t1_3148
3148,t1_3149
3149,t1_3150
3150,t1_3151
3151,t1_3152
3152,t1_3153
3153,t1_3154
3154,t1_3155
3155,t1_3156
3156,t1_3157
3157,t1_3158
3158,t1_3159
3159,t1_3160
3160,t1_3161
3161,t1_3162
3162,t1_3163
3163,t1_3164
3164,t1_3165
3165,t1_3166
3166,t1_3167
3167,t1_3168
3168,t1_3169
3169,t1_3170
3170,t1_3171
3171,t1_3172
3172,t1_3173
3173,t1_3174
3174,t1_3175
3175,t1_3176
3176,t1_3177
3177,t1_3178
3178,t1_3179
3179,t1_3180
3180,t1_3181
3181,t1_3182
3182,t1_3183
3183,t1_3184
3184,t1_3185
3185,t1_3186
3186,t1_3187
3187,t1_3188
3188,t1_3189
3189,t1_3190
3190,t1_3191
3191,t1_3192
3192,t1_3193
3193,t1_3194
3194,t1_3195
3195,t1_3196
3196,t1_3197
3197,t1_3198
3198,t1_3199
3199,t1_3200
3200,t1_3201
3201,t1_3202
3202,t1_3203
3203,t1_3204
3204,t1_3205
3205,t1_3206
3206,t1_3207
3207,t1_3208
3208,t1_3209
3209,t1_3210
3210,t1_3211
3211,t1_3212
3212,t1_3213
3213,t1_3214
3214,t1_3215
3215,t1_3216
3216,t1_3217
3217,t1_3218
3218,t1_3219
3219,t1_3220
3220,t1_3221
3221,t1_3222
3222,t1_3223
3223,t1_3224
3224,t1_3225
3225,t1_3226
3226,t1_3227
3227,t1_3228
3228,t1_3229
3229,t1_3230
3230,t1_3231
3231,t1_3232
3232,t1_3233
3233,t1_3234
3234,t1_3235
3235,t1_3236
3236,t1_3237
3237,t1_3238
3238,t1_3239
3239,t1_3240
3240,t1_3241
3241,t1_3242
3242,t1_3243
3243,t1_3244
3244,t1_3245
3245,t1_3246
3246,t1_3247
3247,t1_3248
3248,t1_3249
3249,t1_3250
3250,t1_3251
3251,t1_3252
3252,t1_3253
3253,t1_3254
3254,t1_3255
3255,t1_3256
3256,t1_3257
3257,t1_3258
3258,t1_3259
3259,t1_3260
3260,t1_3261
3261,t1_3262
3262,t1_3263
