id,open_edges
0,558-2986
1,226-1152-1408-1792-5144-6258-6368-6392
2,92
3,4714-4716-4718
4,450-814-2700-2994
5,1066-4180-4986-5660-5662-5664-5666-5668-5670-5672
6,6308
7,1078-1728-1730-2544-5856-6338
8,4062
9,1834-4132-6236
10,2818-4150
11,6458
12,5872
13,1602-2122-5278-5280
14,426
15,1386
16,1334-4074
17,3338
18,4876-4878-4880
19,6294-6296-6298-6300-6302-6304-6306
20,1732-1734-1736-1738-1740-2738-5826
21,4770
22,1118-1900-3218
23,3438
24,6452
25,244-1550-3520-3522-3524-3526-3528-3530-3532-5300
26,1268-3574-4184-4186-5818
27,3368
28,96-98
29,1676-3582-6352
30,568-618-620-4920-5304-5522
31,4368
32,784-786-788-790-792-5150
33,2034-2036
34,1404
35,2180-3938
36,550
37,718-5914
38,5042-5044-5046
39,2542
40,628-630
41,4648-4902
42,436-438-440
43,126
44,4846
45,4008
46,5282
47,624-1908-2494-3472-4872-5180-5270-5948-6326-6498
48,2908
49,5386
50,5562-5564-5566-5568-5570-5572-5574-5576-5578-5580
51,388-390-392-394-396-398-400-2244-3460-4194
52,32-2926-4490-4492-4494-6500
53,1178-2392-2540-2640-2858-2860-2862-2864-2866-2868-2870-2872-2874-2876-2878-2880-2882-2884-2886-2888-2890-2892-2894-2896-2898-2900-2902-2904-2906-2909-2910-2912-2914-2916-2918-2920-2922-2924-2927-2928-2930-2932-2934-2936-2938-2940-2942-2944-2946-2948-2950-2952-2954-2956-2958-2960-2962-2964-2966-2968-2970-2972-2974-2976-2978-2980-2982-2984-2987-2988-2990-2992-2995-2996-2998-3000-3002-3004-3006-3008-3010-3012-3014-5830
54,722-1153-2158-2246-2658-2836-2844-3100-3280-3374-3450-3546-3640-3668-3718-3874-3936-3966-4104-4192-4650-5096-5138-5160-5474-5508-5524-5934
55,316-386-2816-4436-4726
56,1352
57,138
58,2496
59,5348-5350-5352-5354-5356-5358-5360-5362-5364-5366-5368-5370-5372
60,1340-1424-2438-2440-4830-4836-5174
61,1968-2536-6346-6353
62,1144-3852-5788
63,1746-1748-1750-1752-1754-1756-1758
64,3458-4526-4528-4530-4532-4534-4536
65,4048
66,2935
67,1145-1146-1148-1150
68,1930-1932-1934-1936-1938-1940-1942-4086
69,4634
70,1830-1832
71,804-1564-1937-1966-1984-2004-2088-2330-2458-2614-2696-2903-3102-3144-3332-3714-3716-3719-3720-3722-3724-3726-3728-4533-5618
72,2224
73,3240
74,364-952-2408-2410-5396-6390
75,8-30-34-130-232-236-516-530-580-826-1032-1256-1378-1470-1578-1708-1784-1958-2014-2492-3560-3800-4420-4422-4424-4426-4428-4430-4432-4434-4437-4488-4548-4702-4724-4736-4968-5268-5476-5636-5814-5976-6070-6286-6330-6360-6450-6460-6484-6512
76,4172-4202-5484
77,686
78,382-2092-2434-4002-4004-4006-4009-4010-4012
79,6461-6462-6464-6466-6468-6470
80,782
81,6514
82,3984
83,1258
84,344-906-2676-2678-2680-2682-2684-2686-2688-2690-2692-2694-2697-2698-2701-2702-2704-2706-2708-2710-2712-2714-2716-2718-4798-5700-5996
85,154-156-158-160-162
86,2094-4336
87,548-2991
88,4950-4952
89,6234
90,1744-3382
91,1184-1850
92,818
93,70-144-1712-1714-1716-1718
94,4096-4690
95,1020
96,404-2546-3866
97,480
98,1706-1709-1710
99,4228
100,4838
101,3194-3196-3198-3200-3202-3204-3206-3208-3210-3212-3214-3216-3219-3220-3222-3224-3226-3228-3230-3232-3234-3236-3238-3241-3242-3244-3246-3248-3250-3252
102,850
103,3534
104,60-1914-2424-2426-2428-2430-2432-2435-2436-3902-5754
105,22-240-1120-1508-1896-1902-1998-2208-2356-2520-3042-3142-3145-3146-3148-3150-4544-4614-4670-4808-5070-5320-5686-6422-6502
106,1168
107,238-241
108,3556
109,2838-5642
110,684-2040-6140
111,100-1422-2136-2798-2830-2832-2834-5846
112,50
113,3237
114,2022
115,3744
116,4740
117,986
118,1636-6200
119,4130-4286
120,4584
121,239-1142-1462-1624-2104-2118-2190-2372-3044-3688-3690-3692-3694-3818-4622-4704-4790-4852-5604-5671-5768-6112-6132-6354-6424
122,794-1952-2026-2222-2885-3151-3372-3506-3786-3794-3801-3802-3804-3806-3808-3810-3812-3814-3816-3819-3820-3822-3824-3826-3828-3830-3832-3834-3836-3838-3840-3842-3880
123,584
124,6016-6018-6020
125,3442
126,56-1356-1420
127,4738
128,3710
129,5175
130,106-640-912-1490-2198-2840-3348-3350-3807-4672-4850-5502-5624
131,170-962-1324-1534-1824-2342-3058-3508-3510-3512-4082-4828-5790
132,1350-1969-3454-3670-3952
133,4572
134,302
135,2983-3478
136,2433-4322-5266
137,2865
138,5012
139,3608-4324-4472-4495-4510-4512-4514
140,2114-3070
141,194-278-393-610-910-1472-1804-1878-2260-2338-4928-5760
142,3134-3428
143,1742-1745-5632
144,4414
145,2923-3088-6026-6494
146,1566-2800-2826-3340
147,6038
148,476-1086-1088-1090-1092-1094-1096-1098-1332
149,72
150,500-987-1151-1292-1530-2470-2961-3034-3600-3602-3604-3606-3609-3610-3612-3614-3616-3618-3620-3622-3878-4556-4678-4768-5116-5142-5204-5258-5262-5324-5608-5878-6226-6303-6465
151,10
152,68-2420-2812-3132-3358-5190-5828
153,5284-5286-5288-5290
154,2168
155,4926
156,318-320-322
157,2528-3086
158,0
159,2590-2929-3986-4024-4328
160,980-2560-2915
161,4992-4994-4996-4998
162,36-38-40
163,5216
164,4970
165,462
166,2272-3698
167,2933
168,6076
169,2223-3254
170,134
171,1928-6039
172,3356
173,5758
174,1662
175,514-2027-2028-2030-2032
176,5008
177,1760
178,1448
179,2835-4280
180,688-966-1794-2320-2400-3432-3440-3898
181,586
182,1214
183,6260-6262-6264-6266
184,6467
185,1384-2427-2537-2538-2541-2543-2545-2547-2548-2550-2552-2554
186,2306-4122-4174-4306-4776-4778-4780-4782-4784-4786-4788-4791-4792-4794-4796-4799-4800-4802-4804-4806-4809-4810-4812-4814-4816-4818-4820
187,608-611-612-3548
188,1346-1970-3174-4392
189,254
190,4416
191,1040-2286-3693-5658
192,756
193,744-5676
194,4320
195,208-851-874-1220-1318-1888-1964-2508-3066-3078-3298-3590-4124-4126-4128-4131-4133-4134-4136-4138-4140-4142-4144-4146-4148-4151-4152-4154-4156-4158-4160-4182-4491-4576-4834-6267-6332-6469-6510
196,766-2592-5884
197,3009
198,136-378
199,1548-2100-2664-2666-2668-2670-2672-4072-5764
200,3080-3742-3745-5178
201,326
202,2648-2875-3207
203,2105-2106-2108
204,3498-3500-3502-3504-3507
205,3762-5442-6148
206,621-3920-5028
207,5523
208,3601-4304
209,692
210,6144-6146-6149
211,1392-1394-6218
212,1230-1232-5890
213,1286-4762-5864
214,602
215,2827-5722
216,6150
217,1046-1048
218,6499-6501
219,2268
220,549-551-552-554-556-559-560-562-1482-2810-5870
221,1091-2358-4262
222,4374-6028-6030
223,4900
224,2258-4854-4856-4858-4860-4862-4864-4866-4868-4870
225,4898-5398
226,1260-1560-1562-1565-3752
227,2444
228,4566
229,152-734-924-958-1132-1628-2082-2218-3050-3410-3412-3414-3416-3418-3420-3531-3798-3805-4592-4789-4848-5066-5361-5882-6062-6438-6480
230,3796-5482
231,6212
232,6100
233,1106-1108-1110-1112-1114-1116-1119-1121-1122-1124-1126-1128-1130-1133-1134-1136-1138-1140-1143
234,4314-4500
235,4090
236,5186
237,442
238,28
239,342
240,2250
241,1180-1182-4092-5158
242,328-1154-1931-2624-4222-5946
243,308-310
244,73-94-124-343-555-574-600-603-810-842-950-974-990-996-1006-1290-1638-1814-1818-1840-1854-1924-1988-2031-2044-2339-2406-3030-3286-3304-3314-3330-3336-3479-3484-3678-3712-3748-3825-4044-4206-4229-4230-4232-4234-4236-4238-4240-4242-4244-4246-4248-4250-4252-4254-4256-4258-4260-4263-4264-4266-4268-4270-4272-4274-4276-4278-4281-4282-4284-4287-4288-4290-4292-4294-4296-4298-4636-4764-4772-4774-4781-4822-4988-5010-5156-5518-5610-5850-6136-6182
245,4840-4842
246,4204
247,408-2460-2462-2464-2466-2905-5128
248,3636
249,946
250,4384
251,4125
252,172-982
253,4504
254,4032
255,538-540-542
256,303-304-306
257,4098
258,5492-5494-5496-5498-5500-5503-5504-5506
259,1410-3637-5217
260,626-2768
261,2102-2852-3754
262,3605-4269
263,5210-5212-5214
264,5922
265,2
266,622-1234-1652-3446-3858
267,317
268,1790
269,95
270,824
271,5397-5399
272,362
273,3182-3656-4344-5318
274,634-1788-1805-1806-1808-1810-1812-1815
275,3464
276,1770-2564-2566-2568-2570-2572-2574-2576-2578-2580
277,6347-6348
278,74
279,346-348-350-352-354-356-358
280,54
281,5162-5164
282,2699-5316-5534-5682-5902-5924
283,1933
284,1385
285,272-998-1707-2616-3270-3272-3274-4892-5740
286,3892
287,1698
288,1235-1971-6094
289,44-724-1846-1985-1986-1989-1990-1992-1994
290,4330
291,988
292,75-76-78-80-82-84-86-88-90
293,2270
294,3844
295,658-4014-5317
296,1054
297,3130
298,2442
299,3890-3893-3894-3896-4916-5644
300,2667-3529-4719-4906-4908-4910-4912-4914-4917-4918-4921-4922-4924-4927-4929-4930-4932
301,268-270-273
302,290-3149-4110-4164-6024
303,192-5213
304,4425-5762
305,3186-3992-5443
306,3676
307,1374-1608-2376-3094-3284-3287-3288-3290-3292-3294-3954-5638
308,5014
309,140
310,3271-4739-6372
311,1418-2502-2784-2842-2845-2846-2848-4529-4680-5452-5590
312,477-478-481-482-484-486-488-490-492-494
313,6133-6134
314,1640-1642
315,2115-2116-2119-2120-2123-2124-2126-2128-2130-2132-2134-2137
316,1226-1228-6256
317,2478
318,2957
319,2824
320,3884-4372-4658-4660-4662
321,4616
322,5926-5928-5930
323,6355-6356
324,146-2650-4638-5798
325,360-1572-1954-2732-2850-3360-3402-3621-4143-4233-4462-5528-5530-5532-5535-5536-5538-5540-5542-5544-5546-5548-5550-5552-5554-5556-5558-5560
326,1496-2138-2567-2754-2971-3447-3448-3451-3452-3776-4224-4538-4865-5499-5904-6426
327,1426-1724-1982-2553-2656-3016-3018-3020-3022-3024-3026-3028-3031-3032-3035-3036-3038-3040-3043-3045-3046-3048-3051-3052-3054-3056-3059-3060-3062-3064-3067-3068
328,2863
329,2292
330,1038-4100-5582
331,3455
332,4030-4435
333,3376-3968-4310
334,5340
335,110
336,5376
337,4938
338,5194
339,5802
340,1174-4909-5784
341,3023
342,85-102-204-230-246-332-338-395-522-534-710-902-938-983-989-1022-1097-1123-1204-1390-1466-1641-1700-1929-1962-2074-2125-2308-2328-3017-3247-3434-3465-3784-3956-4212-4360-4362-4364-4366-4369-4370-4373-4375-4376-4378-4380-4382-4385-4386-4388-4390-4393-4394-4396-4408-4524-4558-4674-4867-4881-5013-5285-5363-5561-5716-6012-6278-6307
343,3552-4354-6349
344,2412-2414
345,4715-4987
346,1095
347,748-2484
348,1594-2814-2817-5579
349,5002-5486
350,2549
351,2018
352,2630-3390
353,4022
354,1722-5154
355,5182
356,1229-1731-4346
357,2240-2242-2245-2247-2556-5614
358,222-2112
359,6316
360,20-23-24-26
361,489-866-868-870-872-875-876-878-880-882-884-886-888-890-892-894-896-898-900-903-904-907-908-911-913-914-916-918-920-922-925-926-928-930-932-934-936
362,1680-1682-1684-1686-1688-1690-1692-1694
363,5246-5248-5250-5252-5254-5256
364,5992-5994-5997-5998-6000
365,1316-1646
366,6-87-122-163-178-250-266-305-347-397-410-504-596-860-1198-1312-1660-1695-1755-2135-2164-2486-2740-3505-3646-4570-4573-4598-4668-4700-4746-4863-4960-4974-4995-5165-5244-5249-5289-5296-5344-5408-5424-5493-5581-5990-6001-6029-6034-6052-6054-6082-6126-6198-6290-6320-6380-6404-6412-6471-6476-6496-6508-6516
367,292-294-296-298
368,6369
369,55-578-1034-2618-3388-4728-4896-5509-5510-5920
370,5974
371,6517-6518-6520-6522-6524
372,1379-1380
373,6141-6142
374,4348
375,1382
376,899
377,836
378,1264
379,5140-5143-5145-5146
380,1056-1244-1780-2967-3408-3962-4508-5263-5264-5267-5269-5271-5272-5274-5276
381,588-590-2931
382,2746
383,4279
384,606
385,340-1715-3732-4440
386,4596
387,3888-4915
388,3436
389,3429-3430-3433-3435-5804
390,1910-2772-5932
391,1012-1836-1842-1972-2110-2724-3275-3291-3398-3449-3470-3708-4018-4277-4482-4717-5006-5279-5310-5677-5944-6072
392,1999-6322-6334
393,2856
394,852-1396
395,4550
396,4712
397,5181
398,1227-2236-2452-2632-2669-2687-2828-3380-3666-3700-3876-3891-3964-4153-4365-4421-5132-5314-5936
399,48-307-353-652-960-1107-1185-1582-2012-2084-2220-2296-2298-2300-2302-2304-2307-2571-3063-3841-4722-4976-5072-5367-5665-6154-6366-6440
400,1357-1358-1360-1362-1464-2418
401,2498
402,1036-1039-1041
403,4259
404,2472-3404-3988-4183
405,37
406,933-5923
407,103-1231-3168-3344-3738
408,402
409,212-321-1064-1354-1363-1446-1800-2228-2454-2819-2820-2822-2825-3025-4011-4824-5334-5338-5684-6382
410,726
411,1397-2879-5444-5446-5448
412,4431
413,1768-3366-3422-3611-3756-3972-4116-4162-4342-4389-4427
414,1852
415,604
416,1987
417,1366-1858-5993
418,848
419,1033-1035-3854
420,4537-4692
421,1288-4070-4574-5472-6090
422,5022
423,1542-4015-4016-4019-4020-4023
424,919-947-3679-3680-3850-5728
425,2662-5026
426,495-877
427,5196-5198-5200-5202-5205
428,4108-5048
429,716
430,1833-2248-2251-2252-2254-2256-2259-2261-2262-2264-2266
431,5378
432,1298-2841
433,4899
434,3628-4101-5034-5036-5038-5040
435,5016-5018
436,4630
437,319-430-867-1518-2344-3049-3584-3638-3641-3642
438,4026-6071
439,2943-5100
440,186-1330-1802-5302
441,1959-1960
442,1570-2446-2644-3120-3419-6002
443,2506
444,609-968-3074-5720
445,1782
446,3785
447,399
448,680-1880-5311
449,939-4007
450,5283
451,4478
452,42-3293
453,5222
454,3862
455,3201-3566-3922
456,3456-3538-5916
457,2899
458,5277-5912
459,4251
460,1304-5011-5712
461,108-111-112-114-116-118-120-123-125-127-128
462,1568-1571-1573
463,49
464,224-5328-5806-6004
465,3715-4377-4474-5000-6504
466,336-339-4646
467,81-885-1643-1666-2318-2394-2780-2782-2785-2786-2788-2790-2792-2794-2796-2799-2801-2802-2804-2806-2808-2811-2813-5416-5822
468,1170-1272-2111-2336-3576
469,4773
470,4316-5678
471,3156
472,1996-5224-5674-5988
473,4590
474,553-736-3164-3746-3749-3750-3753
475,1948-1950
476,452-5652
477,190-5315-6521
478,4332
479,6456
480,796-798-5598
481,2778
482,4237
483,6299
484,4058-6073
485,5319
486,674-2095-2636-5960
487,3215-3684-3686-5834
488,5003
489,4363-5301-5303-5305-5306-5308
490,1944-5906
491,2421-2422-2867
492,12-91-109-299-334-427-479-508-546-561-632-791-862-905-1074-1196-1296-1359-1468-1596-1650-1719-1838-1890-1978-1991-2257-2362-2409-2490-2575-2604-2770-2809-3033-3072-3203-3499-3572-3792-3809-4198-4406-4438-4441-4442-4444-4446-4448-4450-4452-4454-4456-4458-4460-4463-4464-4466-4468-4470-4473-4475-4476-4479-4480-4483-4484-4486-4564-4624-5422-5501-5571-5628-5808-6138-6254
493,2437-4962-4964-4966-4969-4971-4972-4975-4977-4978-4980-4982-4984
494,2324-2326-2329-2331-2332-2334-2337-6190
495,2641
496,5488
497,231-233
498,772-897-1172-1188-1383-1658-1886-2232-2241-2280-2312-2335-2340-2343-2345-2346-2348-2350-2352-2354-2357-2359-2360-2363-2364-2366-2368-2370-2373-2374-2377-2378-2380-2382-2384-2386-2388-2390-2393-2395-3245-3586
499,4676-4679-4681
500,2485-2487-2488-2491-2493-2495-2497-2499-2500-2503-2504-2507-2509-2510-2512-2514-2516-2518-2521-2522-2524
501,1186-1189-1190-1192-2176
502,384-1498-5704-5935-6250
503,2313-3540-5836
504,2532-4036-5225-5226-5228-5230-5232
505,1918-1920-1922
506,142
507,5374
508,3172-5195
509,387
510,21-117-1238-6216
511,1030
512,1236
513,1516
514,6137
515,1082
516,6463
517,1973-1974-3166-4120-6206
518,4897
519,1023
520,4925
521,6091-6092-6095
522,3845-4946-5037
523,780-4931-5575
524,720-4575-4577-4578-4580
525,1218-1221-1222
526,1216
527,1109-2127-2206-4594-4999-5414-5565-6314-6342
528,2042
529,528
530,3660
531,4942
532,3324
533,864-1544
534,1193
535,760-1609-1610-1612-1614-1616-1618-1620-1622-1625-1626-1629-1630-1632-1634-5136
536,5402
537,6503-6505-6506-6509-6511-6513
538,470-472-474-6396
539,4283
540,174-909-1224-1552-2109-2160-3278-3281-3282-3564-5050-5379-5620-6196
541,363-428
542,2883-3787-3788-3790
543,284
544,6074
545,746-3342-4021
546,3308-3310-3312-3315-3316-3318
547,6490-6492-6495-6497
548,526
549,944
550,1639-4200
551,3013
552,4618-4620-4623-4625-4626-4628-4631-4632
553,3092
554,4299
555,228-1848-5152-6519
556,2889-3689-3872-3960-4579
557,406
558,3592
559,182-1250-2720-4644-4884
560,188-4874-6525
561,2722-2725-2726-2728
562,1100
563,4226
564,3523-5653
565,4518-4520-4522
566,664-828-923-1576-2076-2284-2287-2398-3811-3889-4686-4811-6036-6084-6116-6158-6442
567,4477
568,45-46-5940
569,6474
570,2665-4894-5260
571,6102-6104
572,2037
573,2144
574,4521
575,2249
576,57
577,4078-5710
578,4457
579,3276-6350
580,137-295-401-712-812-893-945-1388-1524-1711-1892-2265-2333-2385-2429-2526-2634-2756-3289-3846-3848-3851-3853-3855-3856-3859-3860-3863-3864-3867-3868-3870-3873-3875-3877-4210-4877-5253-5418-5470-5616-5694-6220
581,2969-6408
582,2253
583,4489
584,6409-6410-6413-6414-6416-6418-6420-6423-6425-6427-6428-6430-6432-6434-6436-6439-6441-6443-6444-6446-6448
585,200-4028-4948
586,635
587,4358-5166-5168-5170-5172
588,5377-5650
589,4591-4593-4595-4597-4599-4600-4602-4604-4606-4608-4610
590,4013
591,300
592,2139-2140-2142-2145-2146-2148-2150-2152-2154-2156-2159-2161-2162-2165-2166-2169-2170-2172-2174-2177-2178-2181-2182-2184
593,656
594,366-3578
595,575-576
596,5112
597,1567
598,670-1919-3192
599,6192
600,496
601,1050-1052-1202-2234-4196-4453
602,4-3980
603,147-148-150-153
604,77-2815-2941-4515
605,4895
606,4161-4253
607,2588-3643-3674-3682-5738-6376
608,1002-1302-1633-3554-3861-3940-3942-3944-3946-3948-3950-3953-5832
609,3521-4216
610,2322-4185
611,1837-2456
612,2963
613,14-5394
614,4612-4615
615,1068-1460
616,418-543-4750-4958-4965-5351-5410-5569-5982-6058-6080-6135-6170-6265-6270-6406-6445
617,2652-3147-3352-3486-3488-3490-3492-3494-3496
618,4904
619,448-451-453-454-456-3998
620,6388-6391-6393-6394-6397-6398-6400-6402-6405-6407
621,3951
622,3400
623,1237-4713
624,3461-4758
625,5685-5687-5688-5690-5692-5695-5696-5698-5701-5702-5705-5706-5708-5711-5713-5714-5717-5718-5721-5723-5724-5726-5729-5730-5732-5734-5736-5739-5741-5742-5744-5746-5748-5750-5752-5755-5756-5759-5761-5763-5765-5766-5769-5770-5772-5774-5776-5778-5780-5782-5785-5786-5789-5791-5792-5794-5796-5799-5800-5803-5805-5807-5809-5810-5812-5815-5816-5819-5820-5823-5824-5827-5829-5831-5833-5835-5837-5838-5840-5842-5844-5847-5848-5851-5852-5854-5857-5858-5860-5862-5865-5866-5868-5871-5873-5874-5876-5879-5880-5883-5885-5886-5888-5891-5892-5894-5896-5898-5900-5903-5905-5907-5908-5910-5913-5915-5917-5918-5921
626,820
627,2046-2048-2050-2052-2054-2056-2058-2060-2062-2064-2066-2068-2070-2072-2075-2077-2078-2080-2083-2085-2086
628,119-357-2999
629,1778-2959-3126-4387-5583-5584-5586-5588-5591-5592-5594-5596-5599-5600-5602-5605-5606-5609-5611-5612-5615-5617-5619-5621-5622-5625-5626-5629-5630
630,830-3782
631,1606-1623-2561-3453-4159-4418-5045-5092
632,662-1200-4112-5497-5863-6202
633,1588
634,5339-5341-5342-5345-5346
635,2006-2171
636,2530-2654-3514-3615-4239-4350-4356-4461-4496-4502-5633-5634-5637-5639-5640-5643
637,2113-4312-4459
638,854
639,1156
640,1741-1923-4187
641,4267
642,4582
643,6453
644,1348-1416-2917-3542-3654-3657-3658-3661-3662-5141-5199-5817
645,2515
646,702
647,2653-2655
648,3683-4255-4693-5964
649,2035
650,5090-5093
651,5242
652,6027
653,64
654,1762-3677-3751-3763-3764-3766-3768-3770-3772-3774-3777-3778-3780-3783
655,1520
656,1194-1197-1199
657,4729-4730-4732
658,5191
659,4651-4652-4654
660,1155-1157-1158-1160-1162-1164-1166-1169-1171-1173
661,4756-4759-4760-4763-4765-4766-4769-4771-5460-5679
662,2715-5106-5108-5110
663,4271
664,623
665,4882-4885-4886-4888-4890-4893
666,5731
667,953
668,1361
669,3190-3906-4056
670,704-1393-1411-1412-1414-1417-1419-1421-1423-1425-1427-1428-1430-1432-1434-1436-1438-1440-1442-1444-1447-1449-1450-1452-1454-1456-1458-1461-1463-1465-1467-1469-1471-1473-1474-1476-1478-1480-1483-1484-1486-1488-1491-1492-1494-1497-1499-1500-1502-1504-1506-1509-1510-1512-1514-1517-1519-1521-1522-1525-1526-1528-1531-1532-1535-1536-1538-1540-1543-1545-1546-1549-1551-1553-1554-2415-2612-3011
671,1541-2237-2238-4227
672,4293
673,242
674,577-935-1320-6208
675,4656
676,728-1953-1955-1956-2981-5275
677,1274-3231
678,666
679,4042
680,2093-3197-3727-3897
681,4849-4851-4853
682,5438
683,1481-6228
684,2973
685,288
686,5157-5159
687,4586-4588
688,5707
689,312
690,614-616
691,5234-5236-5238-5240-5243-5245
692,4696
693,3916-3918-3921-3923-5773
694,4559
695,1813-1951-3439-3630-5821-6042-6362
696,1018-1439-1874-3924-3926-3928-3930-3932-3934-3937-3939-4757
697,52
698,2919
699,184-1047-3769-3970-4503-4505-4506-5326-5954-6017-6088
700,4775
701,4525
702,1058-1556-1558-3736
703,3178
704,4383
705,468
706,4943
707,66-2527-2529-2551
708,89
709,6384-6386
710,107-2167-5215
711,5094
712,808-4481
713,4511
714,157-349-1342-1505-1586-1619-1749-2087-2482-2513-2569-2628-3152-3154-3157-3158-3160-3162-3165-3167-3169-3199-3813-4661-4793-5043-5049-5074-5307-5359-5505-5557-5603-5887-6174-6437
715,5380
716,1976-3229-3351-3384-3386-3389-4005
717,840
718,4554-4557
719,432
720,5148
721,694
722,6108-6110-6113-6114-6117-6118-6120-6122-6124-6127
723,1803-5490
724,2837
725,536-730-1475-1617-2065-2202-2523-2573-3313-3634-3730-3733-3734-3737-3739-3740-3837-4815-4953-5369-5543-5601-5849-5929-6021-6166-6417-6515
726,6098
727,3299-5257
728,978-2695-3468-3471-5777
729,2396-2399-2401-2402-2404-2407-2586-3163-3417-3731-4439
730,3976-4060
731,141-368-631-942-2061-2353-2534-2859-3469-3474-4188-4509-5371-5952
732,6367
733,3205-6232
734,1007
735,3793-3795-3797-3799-4261
736,5388-5390-6093
737,1826
738,4455
739,151-420-506-764-1115-1183-1351-1533-1635-2079-2216-2375-2450-2511-3353-3354-3357-4519-4720-4951-5869-6121-6433
740,3943
741,1161
742,2760
743,4613
744,58
745,1963-1965-1967
746,6096
747,113-5124
748,834
749,6318
750,5102
751,5151
752,646-789-1026-1696-2282-2854-3279-3411-3603-3725-3908-4155-4297-4355-4412-4467-5947-5949-5950-5953-5955-5956-5958-5961-5962-5965-5966-5968-5970
753,41-520-783-972-1252-2274-2413-2674-3039-3295-3359-3361-3362-3364-3367-3369-3370-3373-3375-3767-4527-4555-4801-4857-5054-5450-5464-5646-5745-6261
754,2000-2002-2005-5927
755,463-1433-2381-2423-2693-5931-5933
756,210-2212
757,256-258-260-262-264-267
758,6309
759,5587
760,1957-4423-4990
761,564
762,441-3306-3480-5737
763,4000-5336
764,3406-3982-4447-5051-5052-5055-5056-5058-5060-5062
765,2188
766,1607
767,2305-3159-4334-5409-5411-5412-5415
768,816-1278-1860-2748-4940
769,1409
770,422-570-1208-1631-1757-1882-2001-2024-2055-2465-2581-3343-3345-3346-3827-4601-4684-4813-4939-4973-5068-5237-5434-5845-6003-6115-6184-6385-6411
771,927-1338-4193-4195
772,2805-3713
773,762
774,1179-1615
775,1529-2907-5035-5553-5938-5941-5942-5945
776,5719
777,1176-2325
778,2649-2891-3071-3073-3075-3076-3079-3081-3082-3084-3087-3089-3090-5239-5689-6357
779,2689
780,2608-2610-2613-2615-2617-2619-2620-2622-2625-4352
781,2239-2453-2455-2457-2459-3283
782,6139
783,3544
784,2230
785,566-1248-1251-1253-1254-1257-1259-1261-1262-1265-1266-1269-1270-1273-1275-1276-1279-1280-1282-1284-1287-1289-1291-1293-1294-1297-1299-1300-1303-1305-1306-1308-1310-1313-1314-1317-1319-1321-1322-1325-1326-1328-1331-1333-1335-1336-1339-1341-1343-1344-1347-1349
786,196
787,6351
788,131-132
789,2045
790,3491
791,5192
792,4295
793,2939-4637-4639-4640-4642-4645-4647
794,865
795,115-742-931-1125-1613-1811-1876-2069-2179-2255-2351-2577-3053-3195-3296-3487-3527-3829-4102-4105-4106-4109-4111-4113-4114-4117-4118-4121-4123-4523-4540-4619-5076-5349-5495-5654-5859-6046-6128-6176-6280
796,4934
797,1903-1904-1906-1909-1911-1912-4941-5193-5897-6389
798,901-3535-3536-3539-3541-3543-3545-3547-3549-3550-3553-3555-3557-3558-3561-3562-3565-3567-3568-3570-3573-3575-3577-3579-3580-3583-3585-3587-3588-3591-3593-3594-3596-3598-3914-5855-5957
799,527-1598
800,827-829-831-832
801,4742-4744-4747-4748-4751-4752-4754
802,1206-1209-1210-1212
803,853-3516
804,1574-1717-4844
805,3334
806,269-994-1271-2163-2742-3493-4761-5691
807,370
808,1219-4507-4560
809,4731
810,1872-3297-3495-5697
811,3619
812,374-376-379-380-383-385
813,424-891-1868-1980-2288-2327-2367-3029-3563-3899-3900-3903-3904-3907-3909-3910-3912-4627-4643
814,5024
815,2531-2533-2535
816,2789-2881-3091-6086
817,6044
818,3644-3647
819,3302-3305-4743-5783
820,598-1997-2911
821,327-799-984-1010-1044-1084-1093-1104-1201-1637-1644-1735-1921-2033-2225-2226-2243-2269-2278-2293-2642-2646-2651-2660-2713-2734-2779-2843-3114-3268-3307-3328-3363-3394-3457-3462-3466-3497-3518-3639-3663-3672-3704-3723-3895-3927-3941-4147-4190-4300-4415-4691-4779-5095-5107-5337-5648-5656
822,255-1223-1364-1395-1905-2729-2949-3019-3341-3681-3696-3699-3701-3702-3974-4214-4245-5951
823,293-752-881-1089-1311-1503-1604-3249-3525-3624-3626-3629-3631-4883
824,1437-1729-2297-2316-2594-3143-3155-3180-3277-3347-3413-3426-3444-3623-3652-3691-3721-3735-4338-4379-4485-4498-4944-5453-5454-5456-5458-5461-5462-5465-5466-5468-5471-5473-5475-5477-5478-5480-5483-5485
825,280-2090-2717
826,6333
827,4115
828,2671
829,61-62-65-67-69-71-164-1856-5901
830,446-1774-4197-4199-4201-4203-4205-4207-4208-4211-4213-4215-4217-4218-4220-4223-4225
831,774-3337
832,2299-3901-3915
833,47-218-324-330-434-455-585-629-654-797-833-846-849-1037-1051-1070-1147-1165-1217-1277-1353-1487-1702-1739-1743-1820-1926-1946-2010-2023-2290-2294-2310-2416-2468-2558-2582-2673-2795-2839-2857-2951-3258-3300-3320-3391-3648-3655-3990-4209-4313-4315-4317-4318-4321-4323-4325-4326-4329-4331-4333-4335-4337-4339-4340-4343-4345-4347-4349-4351-4353-4516-4562-4583-4629-4635-4677-4682-4697-4710-4734-4749-4817-4826-4841-4935-5004-5017-5020-5030-5061-5091-5103-5113-5130-5147-5149-5171-5184-5187-5201-5218-5233-5273-5294-5312-5375-5392-5403-5426-5447-5489-5512-5537-5607-5909-5925-6006-6008-6105-6130-6246-6268-6358-6488-6507
834,1479-2447
835,274-969-1977-1979-1981-1983-3589-3847-5118-5889-6238
836,3741-4094-4443
837,625-627-2600
838,101-3415-3869-3978-4410
839,1031-1045-1429-2750
840,6331
841,2730-5176-5179
842,5775
843,838
844,1495-1659-3817-5155-6310
845,4767
846,6395
847,3262
848,592-1203
849,129-3945-6301
850,1181-1398-1400-1402
851,1839
852,1024-5749-6077
853,1569-6013
854,3309-3481-3482-3485
855,2736-3501-3849-5188-5811
856,2204-5430-6305
857,4735
858,738
859,871-1925-1927
860,2705
861,25-198-252-1113-2121-2151-4609-4706-4745-4954-4985-5292-5353-5567-6060-6178-6272
862,405
863,4038
864,1131
865,1445-3378
866,31-33
867,3559
868,3396-6022-6025
869,948-1367-1368-1370-1372-4513-4903
870,4145
871,5551
872,1057-3717
873,4231
874,2448-2451-3925-4076
875,1187-1263-1369-1457-2227-2229-2231-2233-2235
876,6359
877,5655
878,2309
879,2007-2008-2011-2013-2015-2016
880,4249
881,1697
882,1915-1916
883,6194
884,2727-2831-3431
885,498-501-502-505-507-509-510-512-515-517-518-521-523-524
886,5001
887,237
888,964-2029-2273-2389-3170-3365-3569-3607-4398-4400-4402-4404-4407-4409-4411-4413-5029-5919
889,1785-1786-1789-1791-1793
890,806-1399-1537-2781-4845-5432-5463-6242
891,2829
892,2647
893,5797
894,2997
895,2643-2645-3339-5281-5395
896,2621
897,607
898,1592-3096-5206-5208
899,5114-5117-5119-5120-5122-5125
900,4129
901,1239-1240-1242-1245-1246
902,499-2989
903,3301
904,1102-1105-5743
905,5330
906,351-1060-1127-2117-2143-4605-4698-4967-4993-5573-6056-6312
907,1163
908,856-858-861-863
909,5032
910,2539
911,4137-4275
912,458
913,3027
914,1798-3112
915,2821
916,599-5577
917,963-965-967-2766
918,740-1764
919,3176-3685-4068
920,5813
921,5088
922,367-1055-2210-2823-3325-3326-3329-3331-3333-3335
923,429
924,2737-2739-2741-2743-2744-2747-2749-2751-2752-2755-2757-2758-2761-2762-2764-2767-2769-2771-2773-2774-2776
925,3184-4694-5247
926,39-4157
927,4561
928,4911
929,5332
930,6040
931,104
932,4149
933,1241-1949-2275-2276-2279-2281-2283-5059
934,5893
935,3255-4088
936,2583-3322
937,5161
938,1083-1085
939,5134-5511
940,3706-4936-5097
941,4699-4701-4703-4705-4707-4708
942,3929
943,3371-4341-6014
944,1975
945,532-535-537
946,449-714-4727-4785-5400-5649-5651
947,5031
948,487-5207
949,4127
950,5525
951,2869
952,5167
953,2183
954,6143
955,2897
956,956-3703
957,1405-1406-3537-4265
958,1062-1683-1751-2155-4709-4869-5373-5413-5980-6164-6282-6431-6482
959,6152-6155-6156-6159-6160-6162-6165-6167-6168-6171-6172-6175-6177-6179-6180-6183-6185-6186
960,778-5733
961,1661-1663-1664-1667-1668-1670-1672-1674-1677-1678
962,4054
963,4723-4725
964,805-807-809
965,4889
966,2775-6415
967,444-447
968,4319
969,6240
970,1801-6048
971,3221
972,4291
973,940-3747-4189-4191-6457
974,29
975,2638-3571
976,6374-6377-6378-6381-6383
977,2925-5735
978,6043-6045-6047-6049-6050-6053
979,1016-1701
980,4675
981,563-1407-5967
982,567-569-571-572
983,1205
984,5333-6041
985,3649
986,4034-5404-5406
987,5451
988,2025
989,265-1225-4923
990,985
991,513-895-976-5795
992,4649
993,2291
994,3211
995,3188
996,2657-2659-2661
997,6472
998,4135-4241
999,706-1691-3256-5657-5659-6336
1000,1025-1027-1028-1455-4933
1001,435
1002,4247
1003,1337-5126-5129-5131-5133-5135-5137-5139-6214-6328
1004,1935
1005,4901
1006,3459
1007,1870-2489-2953
1008,1831-1917-2443-3627-3664-3729-3857-4170-4465-5153
1009,1087
1010,4937-5389
1011,5015-5109
1012,4391
1013,206-573-1329-1451-2383-3377-3379-3381-3383-5169-5481
1014,4103-4381
1015,4567-4568-4571
1016,2703
1017,937
1018,949-1822-5405
1019,644-1021-1283-1679-2277-3015-3617-4653-4947-4949-5189
1020,1645-2103-4855-6252
1021,4003
1022,2921-3711-6284
1023,2417
1024,6151
1025,2711
1026,180
1027,1-3-5-7-9-11-13-15-16-18
1028,4050-4685-4687-4688
1029,5547
1030,2945
1031,1309
1032,5313
1033,2691
1034,5259
1035,135
1036,1501-2679-3705-3707-3709-5347
1037,35
1038,3511
1039,99-1575-1577-1579-1580-1583-1584-1587-1589-1590-1593-1595-1597-1599-1600-1603-1605-4919-5287
1040,957-992-995-997-999-1000-1003-1004-3213
1041,2289
1042,4989
1043,6370-6373
1044,800-802-3773
1045,5005-5007
1046,954
1047,615-676-822-843-2759-3319
1048,4487
1049,1069-3392-3533
1050,795-5877
1051,275-276-279-281-282-285-286-289-291
1052,1941-4945
1053,3760-3931-4178-4308-4823-4825-4827-4829-4831-4832-4835
1054,17-1796-2009-3041-3905
1055,2683
1056,314-437-459-541-565-589-825-1167-1763-1765-1766-1769-1771-1772-1775-1776-1779-1781-1783-2073-2285-2397-2598-2677-2723-2993-4733-4819-5516-5555-6032
1057,700-3996-5219-5220
1058,345
1059,6188-6191
1060,5185
1061,5111
1062,959-961-4907
1063,5767
1064,3055
1065,781-3625
1066,837-2349
1067,803
1068,4664-4666-4669-4671-4673
1069,1685
1070,2096-2098-2101-5986
1071,3235
1072,2196
1073,2979
1074,1849-1851-1853-1855-1857-1859-1861-1862-1864-1866-1869-1871-1873-1875-1877-1879-1881-1883-1884-1887-1889-1891-1893-1894-1897-1898-1901
1075,6263
1076,6459
1077,2559
1078,690-2861-6297
1079,3001
1080,5265
1081,5520
1082,1080
1083,4469
1084,1799
1085,2763
1086,601
1087,1079-1081
1088,1703-1704
1089,6106
1090,941-943
1091,83-168-879-1076-1611-1656-1761-1867-1961-2053-2379-3021-3233-3503-4305-4307-4309-4311-4542-4551-4633-4657-4659-5064-5229-5436-5457-5559-5589-5663-5709-6019-6125-6153-6292-6449-6486
1092,301-1101-1307-1443-1945-2038-2129-2153-2461-3393-3395-3397-3399-3401-3403-3405-3407-3409-4871-5123-5322-5895-5978
1093,2681
1094,1647
1095,2431
1096,6454
1097,2419
1098,1387-1389-1391
1099,593-594-597
1100,2445
1101,4371
1102,6005-6007
1103,43-161-166-359-381-416-473-493-497-519-776-1029-1099-1129-1215-1376-1669-1689-1733-1747-2063-2341-2501-3047-3098-3911-4017-4025-4027-4029-4031-4033-4035-4037-4039-4040-4043-4045-4046-4049-4051-4052-4055-4057-4059-4061-4063-4064-4066-4069-4071-4073-4075-4077-4079-4080-4083-4084-4087-4089-4091-4093-4095-4097-4099-4755-4861-4875-4891-4956-5033-5086-5121-5163-5183-5211-5223-5235-5251-5343-5449-5487-5491-5526-5533-5613-5781-5972-5995-6023-6031-6068-6274
1104,2557
1105,372-3791-5969
1106,2039
1107,159
1108,234
1109,3227-3743
1110,1135-6193-6195-6197-6199-6201-6203-6204-6207-6209-6210-6213-6215-6217-6219-6221-6222-6224-6227-6229-6230-6233-6235-6237-6239-6241-6243-6244-6247-6248-6251-6253-6255-6257-6259-6523
1111,557
1112,329-331-333-335
1113,5647
1114,1175-1737-3958
1115,915
1116,1648-1651-1653-1654-1657-2611-5703-6103
1117,315
1118,6364
1119,3613
1120,1159
1121,1061-1063-1065
1122,5881
1123,259-375-529-1117-1211-1513-1627-1693-2081-2131-2194-2314-2317-2319-2321-3803-4777-4887-5009-5084-5563-5673-5787-6109-6447
1124,220-503-1049-1243-1485-3005-3171-3173-3175-3177-3179-3779-4581-4587-5197-5597
1125,6379
1126,732-2975-3650-4243-4433-5293-5295-5297-5298
1127,271-3913
1128,5435-5437-5439-5440
1129,5513-5514-5517-5519-5521
1130,970-2562-3424-4107-4168-5861
1131,4517
1132,6129-6131
1133,121-243-403-595-750-1323-1511-1865-2355-2685-2765-2947-3065-3251-3483-3665-3667-3669-3671-3673-3675-4405-4493-4569-4607-5331-5384-5391-5441-5467-5757-6101-6145-6403-6491
1134,51
1135,678-2391-2733-2803-2901-3104-3243-3865-3917-4395
1136,642-1720-3124
1137,4565
1138,1001
1139,2097
1140,3140
1141,2871-6295
1142,176-1435-1841-1843-1844
1143,1365-6189
1144,531
1145,63-605-1103-5098
1146,443-457-1523-2371-3185-3187-3189-3191-3193-3253-4589-5255-5381-5631-5875
1147,779-1649-2099-2601-2602-2605-3632-5959
1148,1947
1149,2089-2091
1150,1375-1377-3349-4176
1151,4235
1152,1561-1993-3473-3475-3476-3886-5231
1153,1845-2721-3355-3509-3935-4327-4361-4429-5023-5025-5027
1154,525-1149-1895-2059-2361-2606-3181-3183-4085-4399-4535-4753-4783-4833-5291-5715-6078-6340
1155,1195-5428
1156,2887
1157,6147
1158,3882
1159,460
1160,5099
1161,485-2833
1162,660-1373-1489-4617
1163,6335-6337-6339-6341-6343-6344
1164,6055-6057-6059-6061-6063-6064-6066-6069
1165,2584-2675-3421-4067-6493
1166,1539
1167,811-813-815-817-819-821-823
1168,1067-1371-3765-4621
1169,4257
1170,6097-6099
1171,4041
1172,5683
1173,1767
1174,1327-4873
1175,4683
1176,4273
1177,1139
1178,2895
1179,1017
1180,1943
1181,4737
1182,1787
1183,245-247-248-251-253
1184,369
1185,6269-6271-6273-6275-6276-6279-6281-6283-6285-6287-6288-6291-6293
1186,1773
1187,1267-3467
1188,1899
1189,2019
1190,59-433-511-591-787-889-1403-1493-1601-1816-1995-2020-2173-2365-2525-2707-3118-3266-3285-3695-4219-4497-4499-4501-4655-4695-4879-4981-5053-5115-5173-5209-5227-5329-5382-5545-5623-5693-5963-6075-6205-6277
1191,155-249-582-857-883-1281-1557-1753-2051-2133-2141-2565-2585-2587-2589-2591-2593-2595-2596-3037-3225-3835-4803-4859-4979-5080-5627-5839-6181-6429
1192,5515-5680
1193,6478
1194,277-1381-1828-2347-2793-5971
1195,6311-6313-6315-6317-6319-6321-6323-6324-6327-6329
1196,544-547
1197,4449
1198,1713-3110
1199,2017
1200,6473-6475-6477-6479-6481-6483
1201,202-539-839-955-1247-1249-2041-2387-2517-2555-2877-3077-3687-3781-3955-3957-3959-3961-3963-3965-3967-3969-3971-3973-3975-3977-3979-3981-3983-3985-3987-3989-3991-3993-3994-3997-3999-4001-4221-4797-4843-5019-5101-5420-5469-5529-5593-5641-5801-5984-5999-6010-6015-6231
1202,2609
1203,4285
1204,2323
1205,235-309-341-371-439-461-619-636-638-641-643-645-647-648-650-653-655-657-659-661-663-665-667-668-671-672-675-677-679-681-682-685-687-689-691-693-695-696-698-701-703-705-707-708-711-713-715-717-719-721-723-725-727-729-731-733-735-737-739-741-743-745-747-749-751-753-754-757-758-761-763-765-767-768-770-773-775-3933-5943
1206,3321
1207,2599
1208,2893
1209,165-167-169-171-173-175-177-179-181-183-185-187-189-191-193-195-197-199-201-203-205-207-209-211-213-214-216-219-221-223-225-227-229
1210,471-651-1563-2607-3223-5127-5911-6211
1211,3264
1212,683
1213,3635
1214,2913
1215,313
1216,1005-1008-3323
1217,2965-4847
1218,97-873-1795-1797-3843
1219,777
1220,2315
1221,4047
1222,149
1223,841-2301-2469-2471-2473-2474-2476-2479-2480-2483-3758-3775-4119-4451
1224,6401
1225,483
1226,19-53-133-257-323-414-491-587-785-929-1014-1255-1547-1759-1863-2185-2847-3057-3093-3095-3097-3099-3101-3103-3105-3106-3108-3111-3113-3115-3116-3119-3121-3122-3125-3127-3128-3131-3133-3135-3136-3138-3141-3317-3771-3871-4445-5063-5445-5635-5779-6249-6325
1227,6375
1228,5393
1229,4721
1230,1835
1231,771
1232,835
1233,1527-3463
1234,1817-1819-1821-1823-1825-1827-1829-2709
1235,469-1621-2149-2735-4166-5825-6107
1236,5793
1237,6033
1238,669-971-973-975-977-979-981
1239,6361-6363
1240,1681-2626-3513-5751-5939
1241,1939
1242,5527
1243,389-1059-6051
1244,759-1459-2851-2853-2855-3477-3789
1245,325
1246,6225
1247,1725-1726
1248,649-3947-5675
1249,139
1250,1555-2873
1251,5261
1252,79-93-105-287-297-887-1042-1141-1177-1413-1581-1655-1807-1885-2049-2107-2263-2271-2369-2477-2777-2787-3061-3217-3311-3387-3833-3949-4163-4165-4167-4169-4171-4173-4175-4177-4179-4181-5047-5203-5357-5549-5867-6157-6289-6345-6365
1253,709-2849-3257-3259-3260-3263-3265-3267-3269-5853
1254,4552
1255,412-801-2937-5645
1256,951
1257,1777
1258,3551
1259,2303-2977-3123-5417-5419
1260,1675
1261,2439
1262,5321-5323-5325-5327
1263,5841
1264,4955-4957-4959-4961
1265,5843
1266,613-617-917-1072-1111-1301-2003-2449-3239-3385-3423-3425-3427-3489-3839-4053-4531-4611-4663-4667-4741-4795-4913-4983-5082-5309-5667-5725-6111-6169-6387
1267,3153
1268,407-409-411-413-415-417-419-421-423-425
1269,261-391-859-1137-1295-1585-1809-2200-2267-2663-2753-3441-3443-3445-3821-4641-4787-4963-5039-5771-6067-6187
1270,5065-5067-5069-5071-5073-5075-5077-5078-5081-5083-5085-5087
1271,4289
1272,1009-1011-1013-1015
1273,1019
1274,337-2411-2441-3437-4302-4367-5104-5299
1275,6035-6037
1276,2745
1277,1043-1191
1278,2186-2189-2191-2192-2195-2197-2199-2201-2203-2205-2207-2209-2211-2213-2214-2217-2219-2221-5089
1279,5681
1280,2563
1281,639-3137
1282,2021
1283,6009-6011
1284,755
1285,844-847
1286,3595-4141
1287,2731
1288,1673-1705-2071-2467-2791-3085-3261-3697-4357-4359-4991-5531-6223
1289,533-3007-3659-3919-4839
1290,475
1291,3633-5699
1292,1207-1559-1591-1687-2067-2215-2403-2783-3645-3831-4417-4419-4585-4807-5355-5459-5507-5899-6065-6123-6163-6435
1293,6371
1294,633-4081
1295,4539-4541-4543-4545
1296,1233-3273-5177-5383-5385-5387
1297,3599
1298,361-2985
1299,377
1300,3161-4397
1301,793-5937
1302,1355-5041
1303,869
1304,3107
1305,4546-4549
1306,466-1453-1727-2797-3083-3515-3517-3519-4403-5057-5221-5407-5595
1307,1315
1308,2623-5241-5401
1309,991
1310,3581
1311,2147
1312,365
1313,143-311-2597-2627-2629-2631-2633-2635-2637
1314,2295
1315,4711
1316,673-1507-1847
1317,145
1318,2175
1319,1721-1723-4471
1320,1415
1321,637-845-1401-2955
1322,1053-3117
1323,373
1324,1477-5479
1325,283-3327-4139
1326,1671-4837
1327,1699-2425
1328,2475-4563
1329,3995
1330,5747
1331,5973-5975-5977-5979-5981-5983-5985-5987-5989-5991
1332,1431-5541
1333,3303
1334,1071-1073-1075-1077
1335,1345-2043-2505
1336,5421-5423-5425-5427-5429-5431-5433
1337,3129
1338,855
1339,993-2639
1340,769-1913-3879-3881-3883-3885-3887
1341,217
1342,2311
1343,6451
1344,2603-4553
1345,2719-4301-4303
1346,355-697-921-1441-1665-1907-2057-2157-2187-2405-2463-2519-3109-3755-3757-3759-3761-3815-4401-4547-4665-4689-4805-5105-5455-5539-5669-5753-6119-6173-6399-6421
1347,5021
1348,579-581-583-3597
1349,6485-6487-6489
1350,545
1351,4065
1352,27-263-464-699-1213-1285-2047-2193-2481-2579-2807-3069-3209-3651-3653-3823-4603-4821-4905-4997-5079-5365-5585-5661-5727-6161-6419
1353,215-6455
1354,445-3139
1355,6079-6081-6083-6085-6087-6089
1356,6245
1357,1515-5335
1358,465-467
1359,3003
1360,431
